indice,timestamp,regiao,consumo,capacidade,prioridade,custo
0,2026-01-01 00:00:00,Sudeste,716.58,1450.0,5,300.96
1,2026-01-01 01:00:00,Sul,443.03,1050.0,1,186.07
2,2026-01-01 02:00:00,Nordeste,522.98,1200.0,1,219.65
3,2026-01-01 03:00:00,Norte,292.48,800.0,3,122.84
4,2026-01-01 04:00:00,Centro-Oeste,341.25,950.0,2,143.33
5,2026-01-01 05:00:00,Sudeste,612.51,1450.0,5,257.25
6,2026-01-01 06:00:00,Sul,470.58,1050.0,1,197.65
7,2026-01-01 07:00:00,Nordeste,654.42,1200.0,2,274.86
8,2026-01-01 08:00:00,Norte,500.31,800.0,1,210.13
9,2026-01-01 09:00:00,Centro-Oeste,593.06,950.0,2,249.08
10,2026-01-01 10:00:00,Sudeste,1065.44,1450.0,5,447.49
11,2026-01-01 11:00:00,Sul,715.33,1050.0,1,300.44
12,2026-01-01 12:00:00,Nordeste,937.72,1200.0,3,393.84
13,2026-01-01 13:00:00,Norte,564.56,800.0,3,237.12
14,2026-01-01 14:00:00,Centro-Oeste,700.56,950.0,3,294.23
15,2026-01-01 15:00:00,Sudeste,1053.23,1450.0,5,442.36
16,2026-01-01 16:00:00,Sul,767.63,1050.0,2,322.41
17,2026-01-01 17:00:00,Nordeste,1010.56,1200.0,3,424.44
18,2026-01-01 18:00:00,Norte,671.44,800.0,3,282.01
19,2026-01-01 19:00:00,Centro-Oeste,779.99,950.0,4,327.59
20,2026-01-01 20:00:00,Sudeste,1165.7,1450.0,5,489.6
21,2026-01-01 21:00:00,Sul,789.97,1050.0,4,331.79
22,2026-01-01 22:00:00,Nordeste,822.32,1200.0,4,345.37
23,2026-01-01 23:00:00,Norte,449.56,800.0,2,188.81
24,2026-01-02 00:00:00,Centro-Oeste,482.73,950.0,1,202.75
25,2026-01-02 01:00:00,Sudeste,684.31,1450.0,5,287.41
26,2026-01-02 02:00:00,Sul,406.79,1050.0,4,170.85
27,2026-01-02 03:00:00,Nordeste,471.11,1200.0,1,197.87
28,2026-01-02 04:00:00,Norte,294.6,800.0,3,123.73
29,2026-01-02 05:00:00,Centro-Oeste,386.89,950.0,1,162.5
30,2026-01-02 06:00:00,Sudeste,744.52,1450.0,5,312.7
31,2026-01-02 07:00:00,Sul,528.72,1050.0,4,222.06
32,2026-01-02 08:00:00,Nordeste,704.72,1200.0,4,295.98
33,2026-01-02 09:00:00,Norte,498.97,800.0,3,209.57
34,2026-01-02 10:00:00,Centro-Oeste,656.58,950.0,2,275.76
35,2026-01-02 11:00:00,Sudeste,988.57,1450.0,5,415.2
36,2026-01-02 12:00:00,Sul,741.37,1050.0,1,311.38
37,2026-01-02 13:00:00,Nordeste,922.9,1200.0,4,387.62
38,2026-01-02 14:00:00,Norte,581.9,800.0,4,244.4
39,2026-01-02 15:00:00,Centro-Oeste,754.67,950.0,1,316.96
40,2026-01-02 16:00:00,Sudeste,1143.36,1450.0,5,480.21
41,2026-01-02 17:00:00,Sul,796.56,1050.0,2,334.56
42,2026-01-02 18:00:00,Nordeste,959.19,1200.0,3,402.86
43,2026-01-02 19:00:00,Norte,693.32,800.0,2,291.19
44,2026-01-02 20:00:00,Centro-Oeste,734.35,950.0,2,308.43
45,2026-01-02 21:00:00,Sudeste,1096.18,1450.0,5,460.39
46,2026-01-02 22:00:00,Sul,702.6,1050.0,1,295.09
47,2026-01-02 23:00:00,Nordeste,678.51,1200.0,2,284.98
48,2026-01-03 00:00:00,Norte,408.24,800.0,1,171.46
49,2026-01-03 01:00:00,Centro-Oeste,399.27,950.0,1,167.69
50,2026-01-03 02:00:00,Sudeste,621.81,1450.0,5,261.16
51,2026-01-03 03:00:00,Sul,432.1,1050.0,4,181.48
52,2026-01-03 04:00:00,Nordeste,466.38,1200.0,2,195.88
53,2026-01-03 05:00:00,Norte,330.92,800.0,3,138.99
54,2026-01-03 06:00:00,Centro-Oeste,448.52,950.0,4,188.38
55,2026-01-03 07:00:00,Sudeste,856.87,1450.0,5,359.89
56,2026-01-03 08:00:00,Sul,584.92,1050.0,3,245.67
57,2026-01-03 09:00:00,Nordeste,837.42,1200.0,2,351.72
58,2026-01-03 10:00:00,Norte,518.7,800.0,1,217.86
59,2026-01-03 11:00:00,Centro-Oeste,678.15,950.0,2,284.82
60,2026-01-03 12:00:00,Sudeste,1122.35,1450.0,5,471.39
61,2026-01-03 13:00:00,Sul,794.49,1050.0,4,333.69
62,2026-01-03 14:00:00,Nordeste,910.36,1200.0,1,382.35
63,2026-01-03 15:00:00,Norte,603.42,800.0,1,253.44
64,2026-01-03 16:00:00,Centro-Oeste,768.31,950.0,1,322.69
65,2026-01-03 17:00:00,Sudeste,1176.0,1450.0,5,493.92
66,2026-01-03 18:00:00,Sul,851.17,1050.0,1,357.49
67,2026-01-03 19:00:00,Nordeste,1113.79,1200.0,2,467.79
68,2026-01-03 20:00:00,Norte,656.58,800.0,1,275.76
69,2026-01-03 21:00:00,Centro-Oeste,720.37,950.0,3,302.55
70,2026-01-03 22:00:00,Sudeste,870.48,1450.0,5,365.6
71,2026-01-03 23:00:00,Sul,608.0,1050.0,4,255.36
72,2026-01-04 00:00:00,Nordeste,600.64,1200.0,2,252.27
73,2026-01-04 01:00:00,Norte,340.19,800.0,3,142.88
74,2026-01-04 02:00:00,Centro-Oeste,400.18,950.0,1,168.07
75,2026-01-04 03:00:00,Sudeste,574.45,1450.0,5,241.27
76,2026-01-04 04:00:00,Sul,381.77,1050.0,3,160.34
77,2026-01-04 05:00:00,Nordeste,550.91,1200.0,4,231.38
78,2026-01-04 06:00:00,Norte,543.91,800.0,2,228.44
79,2026-01-04 07:00:00,Centro-Oeste,681.23,950.0,3,286.11
80,2026-01-04 08:00:00,Sudeste,1215.55,1450.0,5,510.53
81,2026-01-04 09:00:00,Sul,948.07,1050.0,2,398.19
82,2026-01-04 10:00:00,Nordeste,1160.72,1200.0,4,487.5
83,2026-01-04 11:00:00,Norte,823.4,800.0,1,359.07
84,2026-01-04 12:00:00,Centro-Oeste,1048.96,950.0,4,500.67
85,2026-01-04 13:00:00,Sudeste,1557.65,1450.0,5,717.81
86,2026-01-04 14:00:00,Sul,1188.24,1050.0,1,585.11
87,2026-01-04 15:00:00,Nordeste,960.37,1200.0,4,403.35
88,2026-01-04 16:00:00,Norte,671.33,800.0,4,281.96
89,2026-01-04 17:00:00,Centro-Oeste,718.26,950.0,4,301.67
90,2026-01-04 18:00:00,Sudeste,1273.5,1450.0,5,534.87
91,2026-01-04 19:00:00,Sul,916.57,1050.0,3,384.96
92,2026-01-04 20:00:00,Nordeste,1043.55,1200.0,3,438.29
93,2026-01-04 21:00:00,Norte,563.55,800.0,2,236.69
94,2026-01-04 22:00:00,Centro-Oeste,558.24,950.0,3,234.46
95,2026-01-04 23:00:00,Sudeste,773.43,1450.0,5,324.84
96,2026-01-05 00:00:00,Sul,536.2,1050.0,1,225.2
97,2026-01-05 01:00:00,Nordeste,573.75,1200.0,1,240.97
98,2026-01-05 02:00:00,Norte,319.77,800.0,3,134.3
99,2026-01-05 03:00:00,Centro-Oeste,375.63,950.0,4,157.76
100,2026-01-05 04:00:00,Sudeste,552.91,1450.0,5,232.22
101,2026-01-05 05:00:00,Sul,439.92,1050.0,2,184.76
102,2026-01-05 06:00:00,Nordeste,629.65,1200.0,1,264.45
103,2026-01-05 07:00:00,Norte,408.21,800.0,1,171.45
104,2026-01-05 08:00:00,Centro-Oeste,565.37,950.0,3,237.45
105,2026-01-05 09:00:00,Sudeste,982.01,1450.0,5,412.44
106,2026-01-05 10:00:00,Sul,708.55,1050.0,2,297.59
107,2026-01-05 11:00:00,Nordeste,872.49,1200.0,1,366.44
108,2026-01-05 12:00:00,Norte,626.85,800.0,2,263.28
109,2026-01-05 13:00:00,Centro-Oeste,756.24,950.0,4,317.62
110,2026-01-05 14:00:00,Sudeste,1053.66,1450.0,5,442.54
111,2026-01-05 15:00:00,Sul,852.68,1050.0,3,358.13
112,2026-01-05 16:00:00,Nordeste,897.2,1200.0,3,376.83
113,2026-01-05 17:00:00,Norte,674.33,800.0,4,283.22
114,2026-01-05 18:00:00,Centro-Oeste,792.27,950.0,3,332.75
115,2026-01-05 19:00:00,Sudeste,1213.91,1450.0,5,509.84
116,2026-01-05 20:00:00,Sul,827.54,1050.0,4,347.57
117,2026-01-05 21:00:00,Nordeste,972.83,1200.0,1,408.59
118,2026-01-05 22:00:00,Norte,522.29,800.0,3,219.36
119,2026-01-05 23:00:00,Centro-Oeste,521.37,950.0,4,218.97
120,2026-01-06 00:00:00,Sudeste,757.97,1450.0,5,318.35
121,2026-01-06 01:00:00,Sul,498.6,1050.0,3,209.41
122,2026-01-06 02:00:00,Nordeste,486.55,1200.0,1,204.35
123,2026-01-06 03:00:00,Norte,335.12,800.0,4,140.75
124,2026-01-06 04:00:00,Centro-Oeste,372.26,950.0,3,156.35
125,2026-01-06 05:00:00,Sudeste,666.66,1450.0,5,280.0
126,2026-01-06 06:00:00,Sul,483.28,1050.0,4,202.98
127,2026-01-06 07:00:00,Nordeste,637.6,1200.0,2,267.79
128,2026-01-06 08:00:00,Norte,466.38,800.0,3,195.88
129,2026-01-06 09:00:00,Centro-Oeste,638.62,950.0,2,268.22
130,2026-01-06 10:00:00,Sudeste,942.42,1450.0,5,395.82
131,2026-01-06 11:00:00,Sul,809.43,1050.0,3,339.96
132,2026-01-06 12:00:00,Nordeste,977.52,1200.0,3,410.56
133,2026-01-06 13:00:00,Norte,566.58,800.0,1,237.96
134,2026-01-06 14:00:00,Centro-Oeste,762.05,950.0,1,320.06
135,2026-01-06 15:00:00,Sudeste,1071.75,1450.0,5,450.13
136,2026-01-06 16:00:00,Sul,860.65,1050.0,2,361.47
137,2026-01-06 17:00:00,Nordeste,921.46,1200.0,4,387.01
138,2026-01-06 18:00:00,Norte,641.84,800.0,1,269.57
139,2026-01-06 19:00:00,Centro-Oeste,799.06,950.0,2,335.6
140,2026-01-06 20:00:00,Sudeste,1237.65,1450.0,5,519.81
141,2026-01-06 21:00:00,Sul,744.61,1050.0,2,312.73
142,2026-01-06 22:00:00,Nordeste,787.33,1200.0,3,330.68
143,2026-01-06 23:00:00,Norte,433.6,800.0,4,182.11
144,2026-01-07 00:00:00,Centro-Oeste,485.97,950.0,2,204.11
145,2026-01-07 01:00:00,Sudeste,631.18,1450.0,5,265.1
146,2026-01-07 02:00:00,Sul,459.42,1050.0,4,192.96
147,2026-01-07 03:00:00,Nordeste,514.69,1200.0,3,216.17
148,2026-01-07 04:00:00,Norte,324.52,800.0,2,136.3
149,2026-01-07 05:00:00,Centro-Oeste,380.92,950.0,1,159.99
150,2026-01-07 06:00:00,Sudeste,715.36,1450.0,5,300.45
151,2026-01-07 07:00:00,Sul,569.52,1050.0,4,239.2
152,2026-01-07 08:00:00,Nordeste,781.16,1200.0,4,328.09
153,2026-01-07 09:00:00,Norte,506.6,800.0,2,212.77
154,2026-01-07 10:00:00,Centro-Oeste,630.99,950.0,4,265.01
155,2026-01-07 11:00:00,Sudeste,1126.53,1450.0,5,473.14
156,2026-01-07 12:00:00,Sul,762.83,1050.0,3,320.39
157,2026-01-07 13:00:00,Nordeste,919.56,1200.0,3,386.22
158,2026-01-07 14:00:00,Norte,566.51,800.0,2,237.93
159,2026-01-07 15:00:00,Centro-Oeste,769.81,950.0,3,323.32
160,2026-01-07 16:00:00,Sudeste,1063.12,1450.0,5,446.51
161,2026-01-07 17:00:00,Sul,795.0,1050.0,3,333.9
162,2026-01-07 18:00:00,Nordeste,1067.9,1200.0,2,448.52
163,2026-01-07 19:00:00,Norte,681.95,800.0,4,286.42
164,2026-01-07 20:00:00,Centro-Oeste,822.25,950.0,1,345.34
165,2026-01-07 21:00:00,Sudeste,1142.88,1450.0,5,480.01
166,2026-01-07 22:00:00,Sul,728.42,1050.0,3,305.94
167,2026-01-07 23:00:00,Nordeste,650.5,1200.0,2,273.21
168,2026-01-08 00:00:00,Norte,376.81,800.0,2,158.26
169,2026-01-08 01:00:00,Centro-Oeste,445.87,950.0,4,187.26
170,2026-01-08 02:00:00,Sudeste,643.68,1450.0,5,270.35
171,2026-01-08 03:00:00,Sul,401.37,1050.0,3,168.58
172,2026-01-08 04:00:00,Nordeste,480.22,1200.0,3,201.69
173,2026-01-08 05:00:00,Norte,333.79,800.0,4,140.19
174,2026-01-08 06:00:00,Centro-Oeste,487.35,950.0,1,204.69
175,2026-01-08 07:00:00,Sudeste,819.31,1450.0,5,344.11
176,2026-01-08 08:00:00,Sul,638.83,1050.0,2,268.31
177,2026-01-08 09:00:00,Nordeste,767.1,1200.0,2,322.18
178,2026-01-08 10:00:00,Norte,558.58,800.0,2,234.6
179,2026-01-08 11:00:00,Centro-Oeste,641.68,950.0,2,269.51
180,2026-01-08 12:00:00,Sudeste,1129.65,1450.0,5,474.45
181,2026-01-08 13:00:00,Sul,828.27,1050.0,4,347.87
182,2026-01-08 14:00:00,Nordeste,924.55,1200.0,2,388.31
183,2026-01-08 15:00:00,Norte,665.64,800.0,3,279.57
184,2026-01-08 16:00:00,Centro-Oeste,696.91,950.0,2,292.7
185,2026-01-08 17:00:00,Sudeste,1160.22,1450.0,5,487.29
186,2026-01-08 18:00:00,Sul,853.75,1050.0,4,358.57
187,2026-01-08 19:00:00,Nordeste,1083.0,1200.0,2,454.86
188,2026-01-08 20:00:00,Norte,638.09,800.0,2,268.0
189,2026-01-08 21:00:00,Centro-Oeste,677.72,950.0,2,284.64
190,2026-01-08 22:00:00,Sudeste,900.18,1450.0,5,378.08
191,2026-01-08 23:00:00,Sul,628.84,1050.0,4,264.11
192,2026-01-09 00:00:00,Nordeste,617.61,1200.0,1,259.4
193,2026-01-09 01:00:00,Norte,343.39,800.0,3,144.22
194,2026-01-09 02:00:00,Centro-Oeste,412.91,950.0,1,173.42
195,2026-01-09 03:00:00,Sudeste,563.86,1450.0,5,236.82
196,2026-01-09 04:00:00,Sul,425.91,1050.0,4,178.88
197,2026-01-09 05:00:00,Nordeste,539.55,1200.0,3,226.61
198,2026-01-09 06:00:00,Norte,371.34,800.0,4,155.96
199,2026-01-09 07:00:00,Centro-Oeste,551.44,950.0,2,231.61
200,2026-01-09 08:00:00,Sudeste,905.13,1450.0,5,380.16
201,2026-01-09 09:00:00,Sul,696.48,1050.0,2,292.52
202,2026-01-09 10:00:00,Nordeste,794.2,1200.0,3,333.57
203,2026-01-09 11:00:00,Norte,536.93,800.0,4,225.51
204,2026-01-09 12:00:00,Centro-Oeste,708.82,950.0,2,297.7
205,2026-01-09 13:00:00,Sudeste,1122.09,1450.0,5,471.28
206,2026-01-09 14:00:00,Sul,762.03,1050.0,4,320.05
207,2026-01-09 15:00:00,Nordeste,995.87,1200.0,3,418.26
208,2026-01-09 16:00:00,Norte,630.08,800.0,3,264.63
209,2026-01-09 17:00:00,Centro-Oeste,819.93,950.0,3,344.37
210,2026-01-09 18:00:00,Sudeste,1251.29,1450.0,5,525.54
211,2026-01-09 19:00:00,Sul,861.07,1050.0,1,361.65
212,2026-01-09 20:00:00,Nordeste,1026.35,1200.0,1,431.07
213,2026-01-09 21:00:00,Norte,543.58,800.0,2,228.3
214,2026-01-09 22:00:00,Centro-Oeste,615.72,950.0,1,258.6
215,2026-01-09 23:00:00,Sudeste,841.57,1450.0,5,353.46
216,2026-01-10 00:00:00,Sul,492.13,1050.0,3,206.69
217,2026-01-10 01:00:00,Nordeste,578.46,1200.0,4,242.95
218,2026-01-10 02:00:00,Norte,354.13,800.0,4,148.73
219,2026-01-10 03:00:00,Centro-Oeste,382.28,950.0,3,160.56
220,2026-01-10 04:00:00,Sudeste,546.39,1450.0,5,229.49
221,2026-01-10 05:00:00,Sul,424.61,1050.0,4,178.34
222,2026-01-10 06:00:00,Nordeste,575.99,1200.0,2,241.92
223,2026-01-10 07:00:00,Norte,479.36,800.0,1,201.33
224,2026-01-10 08:00:00,Centro-Oeste,580.7,950.0,3,243.89
225,2026-01-10 09:00:00,Sudeste,966.56,1450.0,5,405.95
226,2026-01-10 10:00:00,Sul,722.79,1050.0,3,303.57
227,2026-01-10 11:00:00,Nordeste,890.38,1200.0,2,373.96
228,2026-01-10 12:00:00,Norte,616.8,800.0,1,259.05
229,2026-01-10 13:00:00,Centro-Oeste,687.58,950.0,3,288.78
230,2026-01-10 14:00:00,Sudeste,1140.31,1450.0,5,478.93
231,2026-01-10 15:00:00,Sul,815.28,1050.0,2,342.42
232,2026-01-10 16:00:00,Nordeste,1022.57,1200.0,1,429.48
233,2026-01-10 17:00:00,Norte,658.35,800.0,1,276.51
234,2026-01-10 18:00:00,Centro-Oeste,808.69,950.0,4,339.65
235,2026-01-10 19:00:00,Sudeste,1176.7,1450.0,5,494.21
236,2026-01-10 20:00:00,Sul,834.37,1050.0,4,350.43
237,2026-01-10 21:00:00,Nordeste,905.08,1200.0,3,380.13
238,2026-01-10 22:00:00,Norte,512.27,800.0,4,215.15
239,2026-01-10 23:00:00,Centro-Oeste,526.73,950.0,1,221.23
240,2026-01-11 00:00:00,Sudeste,669.52,1450.0,5,281.2
241,2026-01-11 01:00:00,Sul,447.18,1050.0,1,187.81
242,2026-01-11 02:00:00,Nordeste,482.98,1200.0,3,202.85
243,2026-01-11 03:00:00,Norte,292.66,800.0,1,122.92
244,2026-01-11 04:00:00,Centro-Oeste,379.49,950.0,3,159.39
245,2026-01-11 05:00:00,Sudeste,646.82,1450.0,5,271.67
246,2026-01-11 06:00:00,Sul,520.65,1050.0,1,218.67
247,2026-01-11 07:00:00,Nordeste,708.81,1200.0,2,297.7
248,2026-01-11 08:00:00,Norte,491.33,800.0,4,206.36
249,2026-01-11 09:00:00,Centro-Oeste,596.43,950.0,2,250.5
250,2026-01-11 10:00:00,Sudeste,1060.04,1450.0,5,445.21
251,2026-01-11 11:00:00,Sul,728.34,1050.0,3,305.9
252,2026-01-11 12:00:00,Nordeste,909.28,1200.0,3,381.9
253,2026-01-11 13:00:00,Norte,586.45,800.0,2,246.31
254,2026-01-11 14:00:00,Centro-Oeste,780.86,950.0,4,327.96
255,2026-01-11 15:00:00,Sudeste,1174.11,1450.0,5,493.13
256,2026-01-11 16:00:00,Sul,845.6,1050.0,3,355.15
257,2026-01-11 17:00:00,Nordeste,1031.73,1200.0,1,433.33
258,2026-01-11 18:00:00,Norte,680.42,800.0,1,285.78
259,2026-01-11 19:00:00,Centro-Oeste,783.79,950.0,1,329.19
260,2026-01-11 20:00:00,Sudeste,1215.25,1450.0,5,510.4
261,2026-01-11 21:00:00,Sul,777.97,1050.0,1,326.75
262,2026-01-11 22:00:00,Nordeste,845.24,1200.0,1,355.0
263,2026-01-11 23:00:00,Norte,487.95,800.0,1,204.94
264,2026-01-12 00:00:00,Centro-Oeste,480.0,950.0,4,201.6
265,2026-01-12 01:00:00,Sudeste,626.76,1450.0,5,263.24
266,2026-01-12 02:00:00,Sul,440.63,1050.0,4,185.07
267,2026-01-12 03:00:00,Nordeste,517.98,1200.0,2,217.55
268,2026-01-12 04:00:00,Norte,332.49,800.0,2,139.65
269,2026-01-12 05:00:00,Centro-Oeste,395.65,950.0,1,166.17
270,2026-01-12 06:00:00,Sudeste,705.69,1450.0,5,296.39
271,2026-01-12 07:00:00,Sul,577.49,1050.0,3,242.54
272,2026-01-12 08:00:00,Nordeste,736.9,1200.0,1,309.5
273,2026-01-12 09:00:00,Norte,495.83,800.0,2,208.25
274,2026-01-12 10:00:00,Centro-Oeste,625.88,950.0,4,262.87
275,2026-01-12 11:00:00,Sudeste,1141.8,1450.0,5,479.56
276,2026-01-12 12:00:00,Sul,740.04,1050.0,4,310.82
277,2026-01-12 13:00:00,Nordeste,899.96,1200.0,4,377.98
278,2026-01-12 14:00:00,Norte,625.58,800.0,1,262.74
279,2026-01-12 15:00:00,Centro-Oeste,787.09,950.0,2,330.58
280,2026-01-12 16:00:00,Sudeste,1069.56,1450.0,5,449.21
281,2026-01-12 17:00:00,Sul,877.72,1050.0,1,368.64
282,2026-01-12 18:00:00,Nordeste,1090.25,1200.0,2,457.91
283,2026-01-12 19:00:00,Norte,672.85,800.0,3,282.6
284,2026-01-12 20:00:00,Centro-Oeste,811.71,950.0,3,340.92
285,2026-01-12 21:00:00,Sudeste,1056.22,1450.0,5,443.61
286,2026-01-12 22:00:00,Sul,647.18,1050.0,3,271.81
287,2026-01-12 23:00:00,Nordeste,670.49,1200.0,2,281.61
288,2026-01-13 00:00:00,Norte,376.72,800.0,4,158.22
289,2026-01-13 01:00:00,Centro-Oeste,414.43,950.0,3,174.06
290,2026-01-13 02:00:00,Sudeste,608.53,1450.0,5,255.58
291,2026-01-13 03:00:00,Sul,445.91,1050.0,4,187.28
292,2026-01-13 04:00:00,Nordeste,462.84,1200.0,2,194.39
293,2026-01-13 05:00:00,Norte,367.02,800.0,4,154.15
294,2026-01-13 06:00:00,Centro-Oeste,500.45,950.0,2,210.19
295,2026-01-13 07:00:00,Sudeste,876.91,1450.0,5,368.3
296,2026-01-13 08:00:00,Sul,605.6,1050.0,2,254.35
297,2026-01-13 09:00:00,Nordeste,840.51,1200.0,4,353.01
298,2026-01-13 10:00:00,Norte,532.03,800.0,4,223.45
299,2026-01-13 11:00:00,Centro-Oeste,690.93,950.0,4,290.19
300,2026-01-13 12:00:00,Sudeste,1057.83,1450.0,5,444.29
301,2026-01-13 13:00:00,Sul,823.92,1050.0,3,346.05
302,2026-01-13 14:00:00,Nordeste,999.92,1200.0,2,419.97
303,2026-01-13 15:00:00,Norte,631.5,800.0,3,265.23
304,2026-01-13 16:00:00,Centro-Oeste,713.5,950.0,4,299.67
305,2026-01-13 17:00:00,Sudeste,1220.66,1450.0,5,512.68
306,2026-01-13 18:00:00,Sul,864.57,1050.0,1,363.12
307,2026-01-13 19:00:00,Nordeste,1041.17,1200.0,2,437.29
308,2026-01-13 20:00:00,Norte,608.49,800.0,1,255.57
309,2026-01-13 21:00:00,Centro-Oeste,754.65,950.0,2,316.95
310,2026-01-13 22:00:00,Sudeste,877.12,1450.0,5,368.39
311,2026-01-13 23:00:00,Sul,625.89,1050.0,4,262.87
312,2026-01-14 00:00:00,Nordeste,656.59,1200.0,4,275.77
313,2026-01-14 01:00:00,Norte,368.83,800.0,3,154.91
314,2026-01-14 02:00:00,Centro-Oeste,374.7,950.0,2,157.37
315,2026-01-14 03:00:00,Sudeste,551.32,1450.0,5,231.55
316,2026-01-14 04:00:00,Sul,448.01,1050.0,2,188.16
317,2026-01-14 05:00:00,Nordeste,531.68,1200.0,2,223.3
318,2026-01-14 06:00:00,Norte,367.54,800.0,2,154.37
319,2026-01-14 07:00:00,Centro-Oeste,507.46,950.0,3,213.13
320,2026-01-14 08:00:00,Sudeste,847.19,1450.0,5,355.82
321,2026-01-14 09:00:00,Sul,672.96,1050.0,3,282.64
322,2026-01-14 10:00:00,Nordeste,878.57,1200.0,4,369.0
323,2026-01-14 11:00:00,Norte,596.19,800.0,2,250.4
324,2026-01-14 12:00:00,Centro-Oeste,720.38,950.0,4,302.56
325,2026-01-14 13:00:00,Sudeste,1055.06,1450.0,5,443.12
326,2026-01-14 14:00:00,Sul,754.87,1050.0,3,317.05
327,2026-01-14 15:00:00,Nordeste,898.37,1200.0,2,377.32
328,2026-01-14 16:00:00,Norte,618.59,800.0,4,259.81
329,2026-01-14 17:00:00,Centro-Oeste,823.15,950.0,3,345.72
330,2026-01-14 18:00:00,Sudeste,1307.28,1450.0,5,549.06
331,2026-01-14 19:00:00,Sul,862.34,1050.0,1,362.18
332,2026-01-14 20:00:00,Nordeste,988.64,1200.0,2,415.23
333,2026-01-14 21:00:00,Norte,639.68,800.0,2,268.67
334,2026-01-14 22:00:00,Centro-Oeste,585.79,950.0,3,246.03
335,2026-01-14 23:00:00,Sudeste,789.32,1450.0,5,331.51
336,2026-01-15 00:00:00,Sul,516.91,1050.0,1,217.1
337,2026-01-15 01:00:00,Nordeste,569.16,1200.0,1,239.05
338,2026-01-15 02:00:00,Norte,360.75,800.0,2,151.52
339,2026-01-15 03:00:00,Centro-Oeste,392.64,950.0,3,164.91
340,2026-01-15 04:00:00,Sudeste,604.67,1450.0,5,253.96
341,2026-01-15 05:00:00,Sul,460.51,1050.0,3,193.42
342,2026-01-15 06:00:00,Nordeste,615.97,1200.0,1,258.71
343,2026-01-15 07:00:00,Norte,429.11,800.0,3,180.23
344,2026-01-15 08:00:00,Centro-Oeste,592.03,950.0,4,248.65
345,2026-01-15 09:00:00,Sudeste,980.96,1450.0,5,412.01
346,2026-01-15 10:00:00,Sul,733.35,1050.0,3,308.01
347,2026-01-15 11:00:00,Nordeste,868.04,1200.0,1,364.58
348,2026-01-15 12:00:00,Norte,591.88,800.0,2,248.59
349,2026-01-15 13:00:00,Centro-Oeste,777.51,950.0,4,326.55
350,2026-01-15 14:00:00,Sudeste,1073.12,1450.0,5,450.71
351,2026-01-15 15:00:00,Sul,866.99,1050.0,3,364.14
352,2026-01-15 16:00:00,Nordeste,939.6,1200.0,4,394.63
353,2026-01-15 17:00:00,Norte,626.73,800.0,1,263.22
354,2026-01-15 18:00:00,Centro-Oeste,853.74,950.0,4,358.57
355,2026-01-15 19:00:00,Sudeste,1302.9,1450.0,5,547.22
356,2026-01-15 20:00:00,Sul,897.54,1050.0,3,376.97
357,2026-01-15 21:00:00,Nordeste,930.04,1200.0,2,390.62
358,2026-01-15 22:00:00,Norte,552.72,800.0,1,232.14
359,2026-01-15 23:00:00,Centro-Oeste,528.76,950.0,2,222.08
360,2026-01-16 00:00:00,Sudeste,722.36,1450.0,5,303.39
361,2026-01-16 01:00:00,Sul,491.59,1050.0,4,206.47
362,2026-01-16 02:00:00,Nordeste,507.97,1200.0,4,213.35
363,2026-01-16 03:00:00,Norte,343.62,800.0,1,144.32
364,2026-01-16 04:00:00,Centro-Oeste,358.2,950.0,1,150.44
365,2026-01-16 05:00:00,Sudeste,616.15,1450.0,5,258.78
366,2026-01-16 06:00:00,Sul,493.98,1050.0,1,207.47
367,2026-01-16 07:00:00,Nordeste,722.63,1200.0,3,303.5
368,2026-01-16 08:00:00,Norte,485.83,800.0,1,204.05
369,2026-01-16 09:00:00,Centro-Oeste,654.18,950.0,1,274.76
370,2026-01-16 10:00:00,Sudeste,1030.46,1450.0,5,432.8
371,2026-01-16 11:00:00,Sul,806.4,1050.0,1,338.69
372,2026-01-16 12:00:00,Nordeste,947.99,1200.0,3,398.16
373,2026-01-16 13:00:00,Norte,635.84,800.0,1,267.05
374,2026-01-16 14:00:00,Centro-Oeste,772.36,950.0,2,324.39
375,2026-01-16 15:00:00,Sudeste,1119.19,1450.0,5,470.06
376,2026-01-16 16:00:00,Sul,829.38,1050.0,3,348.34
377,2026-01-16 17:00:00,Nordeste,996.55,1200.0,2,418.55
378,2026-01-16 18:00:00,Norte,699.81,800.0,2,293.92
379,2026-01-16 19:00:00,Centro-Oeste,823.38,950.0,3,345.82
380,2026-01-16 20:00:00,Sudeste,1113.3,1450.0,5,467.58
381,2026-01-16 21:00:00,Sul,801.86,1050.0,1,336.78
382,2026-01-16 22:00:00,Nordeste,822.13,1200.0,2,345.29
383,2026-01-16 23:00:00,Norte,463.64,800.0,3,194.73
384,2026-01-17 00:00:00,Centro-Oeste,496.38,950.0,2,208.48
385,2026-01-17 01:00:00,Sudeste,703.79,1450.0,5,295.59
386,2026-01-17 02:00:00,Sul,449.1,1050.0,1,188.62
387,2026-01-17 03:00:00,Nordeste,525.69,1200.0,3,220.79
388,2026-01-17 04:00:00,Norte,328.39,800.0,3,137.92
389,2026-01-17 05:00:00,Centro-Oeste,390.3,950.0,4,163.93
390,2026-01-17 06:00:00,Sudeste,743.43,1450.0,5,312.24
391,2026-01-17 07:00:00,Sul,630.82,1050.0,4,264.95
392,2026-01-17 08:00:00,Nordeste,762.04,1200.0,4,320.06
393,2026-01-17 09:00:00,Norte,497.25,800.0,4,208.84
394,2026-01-17 10:00:00,Centro-Oeste,646.62,950.0,1,271.58
395,2026-01-17 11:00:00,Sudeste,999.3,1450.0,5,419.71
396,2026-01-17 12:00:00,Sul,737.29,1050.0,3,309.66
397,2026-01-17 13:00:00,Nordeste,953.95,1200.0,1,400.66
398,2026-01-17 14:00:00,Norte,578.15,800.0,4,242.82
399,2026-01-17 15:00:00,Centro-Oeste,687.44,950.0,1,288.72
400,2026-01-17 16:00:00,Sudeste,1092.52,1450.0,5,458.86
401,2026-01-17 17:00:00,Sul,803.89,1050.0,2,337.63
402,2026-01-17 18:00:00,Nordeste,1011.89,1200.0,2,424.99
403,2026-01-17 19:00:00,Norte,698.78,800.0,4,293.49
404,2026-01-17 20:00:00,Centro-Oeste,789.89,950.0,3,331.75
405,2026-01-17 21:00:00,Sudeste,1154.28,1450.0,5,484.8
406,2026-01-17 22:00:00,Sul,708.5,1050.0,2,297.57
407,2026-01-17 23:00:00,Nordeste,679.09,1200.0,4,285.22
408,2026-01-18 00:00:00,Norte,390.41,800.0,3,163.97
409,2026-01-18 01:00:00,Centro-Oeste,426.26,950.0,4,179.03
410,2026-01-18 02:00:00,Sudeste,643.73,1450.0,5,270.37
411,2026-01-18 03:00:00,Sul,417.19,1050.0,2,175.22
412,2026-01-18 04:00:00,Nordeste,475.15,1200.0,3,199.56
413,2026-01-18 05:00:00,Norte,346.73,800.0,4,145.62
414,2026-01-18 06:00:00,Centro-Oeste,466.69,950.0,4,196.01
415,2026-01-18 07:00:00,Sudeste,832.63,1450.0,5,349.71
416,2026-01-18 08:00:00,Sul,611.56,1050.0,1,256.86
417,2026-01-18 09:00:00,Nordeste,844.06,1200.0,3,354.51
418,2026-01-18 10:00:00,Norte,521.82,800.0,3,219.17
419,2026-01-18 11:00:00,Centro-Oeste,688.29,950.0,3,289.08
420,2026-01-18 12:00:00,Sudeste,1049.91,1450.0,5,440.96
421,2026-01-18 13:00:00,Sul,834.06,1050.0,4,350.31
422,2026-01-18 14:00:00,Nordeste,913.28,1200.0,1,383.58
423,2026-01-18 15:00:00,Norte,596.57,800.0,2,250.56
424,2026-01-18 16:00:00,Centro-Oeste,706.14,950.0,1,296.58
425,2026-01-18 17:00:00,Sudeste,1274.17,1450.0,5,535.15
426,2026-01-18 18:00:00,Sul,943.28,1050.0,4,396.18
427,2026-01-18 19:00:00,Nordeste,1064.49,1200.0,1,447.08
428,2026-01-18 20:00:00,Norte,696.61,800.0,2,292.58
429,2026-01-18 21:00:00,Centro-Oeste,741.57,950.0,4,311.46
430,2026-01-18 22:00:00,Sudeste,915.12,1450.0,5,384.35
431,2026-01-18 23:00:00,Sul,575.5,1050.0,3,241.71
432,2026-01-19 00:00:00,Nordeste,592.56,1200.0,2,248.88
433,2026-01-19 01:00:00,Norte,365.31,800.0,1,153.43
434,2026-01-19 02:00:00,Centro-Oeste,436.25,950.0,1,183.23
435,2026-01-19 03:00:00,Sudeste,555.65,1450.0,5,233.37
436,2026-01-19 04:00:00,Sul,430.27,1050.0,1,180.71
437,2026-01-19 05:00:00,Nordeste,501.51,1200.0,1,210.63
438,2026-01-19 06:00:00,Norte,404.92,800.0,3,170.07
439,2026-01-19 07:00:00,Centro-Oeste,503.18,950.0,3,211.33
440,2026-01-19 08:00:00,Sudeste,935.51,1450.0,5,392.91
441,2026-01-19 09:00:00,Sul,746.7,1050.0,1,313.62
442,2026-01-19 10:00:00,Nordeste,872.38,1200.0,1,366.4
443,2026-01-19 11:00:00,Norte,575.58,800.0,3,241.74
444,2026-01-19 12:00:00,Centro-Oeste,681.34,950.0,2,286.16
445,2026-01-19 13:00:00,Sudeste,1102.55,1450.0,5,463.07
446,2026-01-19 14:00:00,Sul,793.45,1050.0,1,333.25
447,2026-01-19 15:00:00,Nordeste,949.88,1200.0,2,398.95
448,2026-01-19 16:00:00,Norte,653.08,800.0,4,274.29
449,2026-01-19 17:00:00,Centro-Oeste,725.08,950.0,4,304.54
450,2026-01-19 18:00:00,Sudeste,1227.97,1450.0,5,515.75
451,2026-01-19 19:00:00,Sul,904.93,1050.0,1,380.07
452,2026-01-19 20:00:00,Nordeste,1032.68,1200.0,3,433.72
453,2026-01-19 21:00:00,Norte,593.52,800.0,3,249.28
454,2026-01-19 22:00:00,Centro-Oeste,625.89,950.0,1,262.87
455,2026-01-19 23:00:00,Sudeste,795.55,1450.0,5,334.13
456,2026-01-20 00:00:00,Sul,517.9,1050.0,2,217.52
457,2026-01-20 01:00:00,Nordeste,581.39,1200.0,4,244.18
458,2026-01-20 02:00:00,Norte,337.38,800.0,1,141.7
459,2026-01-20 03:00:00,Centro-Oeste,411.28,950.0,1,172.74
460,2026-01-20 04:00:00,Sudeste,581.6,1450.0,5,244.27
461,2026-01-20 05:00:00,Sul,425.35,1050.0,1,178.65
462,2026-01-20 06:00:00,Nordeste,598.35,1200.0,2,251.31
463,2026-01-20 07:00:00,Norte,436.62,800.0,1,183.38
464,2026-01-20 08:00:00,Centro-Oeste,621.98,950.0,3,261.23
465,2026-01-20 09:00:00,Sudeste,987.03,1450.0,5,414.55
466,2026-01-20 10:00:00,Sul,779.04,1050.0,3,327.2
467,2026-01-20 11:00:00,Nordeste,861.16,1200.0,3,361.69
468,2026-01-20 12:00:00,Norte,610.45,800.0,3,256.39
469,2026-01-20 13:00:00,Centro-Oeste,684.04,950.0,3,287.3
470,2026-01-20 14:00:00,Sudeste,1105.58,1450.0,5,464.34
471,2026-01-20 15:00:00,Sul,878.74,1050.0,3,369.07
472,2026-01-20 16:00:00,Nordeste,1063.37,1200.0,2,446.62
473,2026-01-20 17:00:00,Norte,613.65,800.0,2,257.73
474,2026-01-20 18:00:00,Centro-Oeste,863.13,950.0,1,362.51
475,2026-01-20 19:00:00,Sudeste,1242.63,1450.0,5,521.9
476,2026-01-20 20:00:00,Sul,928.73,1050.0,3,390.07
477,2026-01-20 21:00:00,Nordeste,896.6,1200.0,3,376.57
478,2026-01-20 22:00:00,Norte,524.3,800.0,4,220.21
479,2026-01-20 23:00:00,Centro-Oeste,521.77,950.0,2,219.15
480,2026-01-21 00:00:00,Sudeste,739.79,1450.0,5,310.71
481,2026-01-21 01:00:00,Sul,507.82,1050.0,4,213.28
482,2026-01-21 02:00:00,Nordeste,533.57,1200.0,1,224.1
483,2026-01-21 03:00:00,Norte,309.07,800.0,1,129.81
484,2026-01-21 04:00:00,Centro-Oeste,375.36,950.0,3,157.65
485,2026-01-21 05:00:00,Sudeste,630.73,1450.0,5,264.91
486,2026-01-21 06:00:00,Sul,486.13,1050.0,3,204.17
487,2026-01-21 07:00:00,Nordeste,700.45,1200.0,4,294.19
488,2026-01-21 08:00:00,Norte,478.45,800.0,2,200.95
489,2026-01-21 09:00:00,Centro-Oeste,674.08,950.0,3,283.11
490,2026-01-21 10:00:00,Sudeste,1061.75,1450.0,5,445.93
491,2026-01-21 11:00:00,Sul,719.98,1050.0,1,302.39
492,2026-01-21 12:00:00,Nordeste,991.77,1200.0,1,416.54
493,2026-01-21 13:00:00,Norte,634.12,800.0,3,266.33
494,2026-01-21 14:00:00,Centro-Oeste,726.13,950.0,1,304.98
495,2026-01-21 15:00:00,Sudeste,1177.28,1450.0,5,494.46
496,2026-01-21 16:00:00,Sul,898.04,1050.0,3,377.18
497,2026-01-21 17:00:00,Nordeste,988.94,1200.0,2,415.36
498,2026-01-21 18:00:00,Norte,721.89,800.0,2,303.19
499,2026-01-21 19:00:00,Centro-Oeste,806.89,950.0,1,338.89
500,2026-01-21 20:00:00,Sudeste,1117.12,1450.0,5,469.19
501,2026-01-21 21:00:00,Sul,814.31,1050.0,3,342.01
502,2026-01-21 22:00:00,Nordeste,754.11,1200.0,3,316.73
503,2026-01-21 23:00:00,Norte,447.38,800.0,2,187.9
504,2026-01-22 00:00:00,Centro-Oeste,504.06,950.0,2,211.71
505,2026-01-22 01:00:00,Sudeste,660.63,1450.0,5,277.46
506,2026-01-22 02:00:00,Sul,432.03,1050.0,1,181.45
507,2026-01-22 03:00:00,Nordeste,519.15,1200.0,2,218.04
508,2026-01-22 04:00:00,Norte,348.73,800.0,1,146.46
509,2026-01-22 05:00:00,Centro-Oeste,385.0,950.0,3,161.7
510,2026-01-22 06:00:00,Sudeste,700.45,1450.0,5,294.19
511,2026-01-22 07:00:00,Sul,631.7,1050.0,2,265.31
512,2026-01-22 08:00:00,Nordeste,717.42,1200.0,4,301.32
513,2026-01-22 09:00:00,Norte,529.54,800.0,2,222.4
514,2026-01-22 10:00:00,Centro-Oeste,722.45,950.0,3,303.43
515,2026-01-22 11:00:00,Sudeste,1105.41,1450.0,5,464.27
516,2026-01-22 12:00:00,Sul,783.04,1050.0,4,328.87
517,2026-01-22 13:00:00,Nordeste,1009.43,1200.0,2,423.96
518,2026-01-22 14:00:00,Norte,613.24,800.0,4,257.56
519,2026-01-22 15:00:00,Centro-Oeste,800.21,950.0,2,336.09
520,2026-01-22 16:00:00,Sudeste,1124.31,1450.0,5,472.21
521,2026-01-22 17:00:00,Sul,932.1,1050.0,3,391.48
522,2026-01-22 18:00:00,Nordeste,1071.31,1200.0,1,449.95
523,2026-01-22 19:00:00,Norte,703.92,800.0,3,295.65
524,2026-01-22 20:00:00,Centro-Oeste,801.83,950.0,3,336.77
525,2026-01-22 21:00:00,Sudeste,1112.38,1450.0,5,467.2
526,2026-01-22 22:00:00,Sul,671.76,1050.0,3,282.14
527,2026-01-22 23:00:00,Nordeste,747.88,1200.0,1,314.11
528,2026-01-23 00:00:00,Norte,395.65,800.0,4,166.17
529,2026-01-23 01:00:00,Centro-Oeste,478.96,950.0,2,201.16
530,2026-01-23 02:00:00,Sudeste,608.62,1450.0,5,255.62
531,2026-01-23 03:00:00,Sul,429.91,1050.0,2,180.56
532,2026-01-23 04:00:00,Nordeste,474.83,1200.0,2,199.43
533,2026-01-23 05:00:00,Norte,328.51,800.0,3,137.98
534,2026-01-23 06:00:00,Centro-Oeste,459.28,950.0,3,192.9
535,2026-01-23 07:00:00,Sudeste,877.84,1450.0,5,368.69
536,2026-01-23 08:00:00,Sul,647.97,1050.0,2,272.15
537,2026-01-23 09:00:00,Nordeste,892.82,1200.0,2,374.98
538,2026-01-23 10:00:00,Norte,589.34,800.0,3,247.52
539,2026-01-23 11:00:00,Centro-Oeste,698.91,950.0,1,293.54
540,2026-01-23 12:00:00,Sudeste,1079.34,1450.0,5,453.32
541,2026-01-23 13:00:00,Sul,847.77,1050.0,2,356.06
542,2026-01-23 14:00:00,Nordeste,980.68,1200.0,1,411.88
543,2026-01-23 15:00:00,Norte,638.25,800.0,2,268.07
544,2026-01-23 16:00:00,Centro-Oeste,716.79,950.0,1,301.05
545,2026-01-23 17:00:00,Sudeste,1162.15,1450.0,5,488.1
546,2026-01-23 18:00:00,Sul,956.77,1050.0,2,401.84
547,2026-01-23 19:00:00,Nordeste,1112.94,1200.0,4,467.43
548,2026-01-23 20:00:00,Norte,624.95,800.0,3,262.48
549,2026-01-23 21:00:00,Centro-Oeste,718.81,950.0,4,301.9
550,2026-01-23 22:00:00,Sudeste,976.19,1450.0,5,410.0
551,2026-01-23 23:00:00,Sul,601.32,1050.0,2,252.55
552,2026-01-24 00:00:00,Nordeste,607.21,1200.0,3,255.03
553,2026-01-24 01:00:00,Norte,360.31,800.0,3,151.33
554,2026-01-24 02:00:00,Centro-Oeste,436.45,950.0,1,183.31
555,2026-01-24 03:00:00,Sudeste,560.82,1450.0,5,235.54
556,2026-01-24 04:00:00,Sul,393.08,1050.0,3,165.09
557,2026-01-24 05:00:00,Nordeste,583.26,1200.0,1,244.97
558,2026-01-24 06:00:00,Norte,399.47,800.0,2,167.78
559,2026-01-24 07:00:00,Centro-Oeste,536.54,950.0,1,225.35
560,2026-01-24 08:00:00,Sudeste,882.09,1450.0,5,370.48
561,2026-01-24 09:00:00,Sul,737.26,1050.0,3,309.65
562,2026-01-24 10:00:00,Nordeste,874.25,1200.0,3,367.19
563,2026-01-24 11:00:00,Norte,564.8,800.0,4,237.22
564,2026-01-24 12:00:00,Centro-Oeste,764.71,950.0,3,321.18
565,2026-01-24 13:00:00,Sudeste,1066.0,1450.0,5,447.72
566,2026-01-24 14:00:00,Sul,809.71,1050.0,1,340.08
567,2026-01-24 15:00:00,Nordeste,962.42,1200.0,3,404.22
568,2026-01-24 16:00:00,Norte,667.68,800.0,3,280.43
569,2026-01-24 17:00:00,Centro-Oeste,777.01,950.0,3,326.34
570,2026-01-24 18:00:00,Sudeste,1278.41,1450.0,5,536.93
571,2026-01-24 19:00:00,Sul,881.58,1050.0,2,370.26
572,2026-01-24 20:00:00,Nordeste,979.17,1200.0,2,411.25
573,2026-01-24 21:00:00,Norte,640.15,800.0,1,268.86
574,2026-01-24 22:00:00,Centro-Oeste,671.4,950.0,3,281.99
575,2026-01-24 23:00:00,Sudeste,867.41,1450.0,5,364.31
576,2026-01-25 00:00:00,Sul,531.74,1050.0,1,223.33
577,2026-01-25 01:00:00,Nordeste,583.86,1200.0,2,245.22
578,2026-01-25 02:00:00,Norte,321.21,800.0,3,134.91
579,2026-01-25 03:00:00,Centro-Oeste,400.56,950.0,1,168.24
580,2026-01-25 04:00:00,Sudeste,553.15,1450.0,5,232.32
581,2026-01-25 05:00:00,Sul,444.2,1050.0,1,186.56
582,2026-01-25 06:00:00,Nordeste,628.81,1200.0,2,264.1
583,2026-01-25 07:00:00,Norte,454.17,800.0,3,190.75
584,2026-01-25 08:00:00,Centro-Oeste,612.76,950.0,3,257.36
585,2026-01-25 09:00:00,Sudeste,977.92,1450.0,5,410.73
586,2026-01-25 10:00:00,Sul,799.82,1050.0,3,335.92
587,2026-01-25 11:00:00,Nordeste,947.74,1200.0,4,398.05
588,2026-01-25 12:00:00,Norte,659.5,800.0,4,276.99
589,2026-01-25 13:00:00,Centro-Oeste,744.79,950.0,2,312.81
590,2026-01-25 14:00:00,Sudeste,1238.79,1450.0,5,520.29
591,2026-01-25 15:00:00,Sul,777.32,1050.0,3,326.48
592,2026-01-25 16:00:00,Nordeste,1050.85,1200.0,4,441.36
593,2026-01-25 17:00:00,Norte,628.24,800.0,3,263.86
594,2026-01-25 18:00:00,Centro-Oeste,814.1,950.0,2,341.92
595,2026-01-25 19:00:00,Sudeste,1244.56,1450.0,5,522.72
596,2026-01-25 20:00:00,Sul,909.63,1050.0,1,382.04
597,2026-01-25 21:00:00,Nordeste,949.65,1200.0,3,398.85
598,2026-01-25 22:00:00,Norte,503.91,800.0,3,211.64
599,2026-01-25 23:00:00,Centro-Oeste,568.19,950.0,3,238.64
600,2026-01-26 00:00:00,Sudeste,778.84,1450.0,5,327.11
601,2026-01-26 01:00:00,Sul,514.77,1050.0,3,216.21
602,2026-01-26 02:00:00,Nordeste,529.35,1200.0,3,222.33
603,2026-01-26 03:00:00,Norte,313.5,800.0,2,131.67
604,2026-01-26 04:00:00,Centro-Oeste,356.63,950.0,3,149.78
605,2026-01-26 05:00:00,Sudeste,624.65,1450.0,5,262.35
606,2026-01-26 06:00:00,Sul,560.69,1050.0,3,235.49
607,2026-01-26 07:00:00,Nordeste,749.5,1200.0,4,314.79
608,2026-01-26 08:00:00,Norte,540.06,800.0,1,226.83
609,2026-01-26 09:00:00,Centro-Oeste,645.71,950.0,1,271.2
610,2026-01-26 10:00:00,Sudeste,1104.09,1450.0,5,463.72
611,2026-01-26 11:00:00,Sul,802.32,1050.0,2,336.98
612,2026-01-26 12:00:00,Nordeste,1030.03,1200.0,1,432.61
613,2026-01-26 13:00:00,Norte,604.32,800.0,3,253.81
614,2026-01-26 14:00:00,Centro-Oeste,782.64,950.0,1,328.71
615,2026-01-26 15:00:00,Sudeste,1256.94,1450.0,5,527.91
616,2026-01-26 16:00:00,Sul,852.74,1050.0,1,358.15
617,2026-01-26 17:00:00,Nordeste,1099.53,1200.0,1,461.8
618,2026-01-26 18:00:00,Norte,697.83,800.0,1,293.09
619,2026-01-26 19:00:00,Centro-Oeste,799.6,950.0,2,335.83
620,2026-01-26 20:00:00,Sudeste,1250.51,1450.0,5,525.22
621,2026-01-26 21:00:00,Sul,781.45,1050.0,3,328.21
622,2026-01-26 22:00:00,Nordeste,808.07,1200.0,4,339.39
623,2026-01-26 23:00:00,Norte,481.45,800.0,4,202.21
624,2026-01-27 00:00:00,Centro-Oeste,443.88,950.0,3,186.43
625,2026-01-27 01:00:00,Sudeste,674.6,1450.0,5,283.33
626,2026-01-27 02:00:00,Sul,491.41,1050.0,2,206.39
627,2026-01-27 03:00:00,Nordeste,475.09,1200.0,4,199.54
628,2026-01-27 04:00:00,Norte,317.13,800.0,3,133.2
629,2026-01-27 05:00:00,Centro-Oeste,442.35,950.0,2,185.79
630,2026-01-27 06:00:00,Sudeste,768.57,1450.0,5,322.8
631,2026-01-27 07:00:00,Sul,554.46,1050.0,1,232.87
632,2026-01-27 08:00:00,Nordeste,808.26,1200.0,1,339.47
633,2026-01-27 09:00:00,Norte,530.87,800.0,3,222.97
634,2026-01-27 10:00:00,Centro-Oeste,723.58,950.0,3,303.9
635,2026-01-27 11:00:00,Sudeste,1059.94,1450.0,5,445.17
636,2026-01-27 12:00:00,Sul,782.82,1050.0,4,328.79
637,2026-01-27 13:00:00,Nordeste,1007.66,1200.0,2,423.22
638,2026-01-27 14:00:00,Norte,686.54,800.0,4,288.35
639,2026-01-27 15:00:00,Centro-Oeste,804.77,950.0,4,338.0
640,2026-01-27 16:00:00,Sudeste,1182.47,1450.0,5,496.64
641,2026-01-27 17:00:00,Sul,891.25,1050.0,3,374.33
642,2026-01-27 18:00:00,Nordeste,1134.49,1200.0,3,476.48
643,2026-01-27 19:00:00,Norte,731.73,800.0,2,307.33
644,2026-01-27 20:00:00,Centro-Oeste,844.58,950.0,1,354.72
645,2026-01-27 21:00:00,Sudeste,1065.08,1450.0,5,447.33
646,2026-01-27 22:00:00,Sul,744.29,1050.0,2,312.6
647,2026-01-27 23:00:00,Nordeste,731.18,1200.0,4,307.1
648,2026-01-28 00:00:00,Norte,411.88,800.0,3,172.99
649,2026-01-28 01:00:00,Centro-Oeste,424.36,950.0,1,178.23
650,2026-01-28 02:00:00,Sudeste,635.2,1450.0,5,266.78
651,2026-01-28 03:00:00,Sul,441.76,1050.0,3,185.54
652,2026-01-28 04:00:00,Nordeste,472.05,1200.0,1,198.26
653,2026-01-28 05:00:00,Norte,364.2,800.0,4,152.97
654,2026-01-28 06:00:00,Centro-Oeste,460.03,950.0,3,193.21
655,2026-01-28 07:00:00,Sudeste,901.58,1450.0,5,378.66
656,2026-01-28 08:00:00,Sul,680.26,1050.0,2,285.71
657,2026-01-28 09:00:00,Nordeste,899.02,1200.0,2,377.59
658,2026-01-28 10:00:00,Norte,568.09,800.0,4,238.6
659,2026-01-28 11:00:00,Centro-Oeste,690.33,950.0,3,289.94
660,2026-01-28 12:00:00,Sudeste,1039.36,1450.0,5,436.53
661,2026-01-28 13:00:00,Sul,766.77,1050.0,4,322.04
662,2026-01-28 14:00:00,Nordeste,1010.19,1200.0,1,424.28
663,2026-01-28 15:00:00,Norte,653.64,800.0,3,274.53
664,2026-01-28 16:00:00,Centro-Oeste,774.03,950.0,1,325.09
665,2026-01-28 17:00:00,Sudeste,1610.26,1450.0,5,774.19
666,2026-01-28 18:00:00,Sul,1238.64,1050.0,2,642.62
667,2026-01-28 19:00:00,Nordeste,1351.04,1200.0,4,660.96
668,2026-01-28 20:00:00,Norte,839.4,800.0,1,375.29
669,2026-01-28 21:00:00,Centro-Oeste,899.69,950.0,1,377.87
670,2026-01-28 22:00:00,Sudeste,1239.77,1450.0,5,520.7
671,2026-01-28 23:00:00,Sul,798.69,1050.0,2,335.45
672,2026-01-29 00:00:00,Nordeste,769.42,1200.0,2,323.16
673,2026-01-29 01:00:00,Norte,357.73,800.0,3,150.25
674,2026-01-29 02:00:00,Centro-Oeste,410.46,950.0,4,172.39
675,2026-01-29 03:00:00,Sudeste,569.03,1450.0,5,238.99
676,2026-01-29 04:00:00,Sul,403.77,1050.0,1,169.58
677,2026-01-29 05:00:00,Nordeste,529.42,1200.0,1,222.36
678,2026-01-29 06:00:00,Norte,579.9,800.0,1,243.56
679,2026-01-29 07:00:00,Centro-Oeste,734.47,950.0,3,308.48
680,2026-01-29 08:00:00,Sudeste,1213.45,1450.0,5,509.65
681,2026-01-29 09:00:00,Sul,1014.03,1050.0,3,425.89
682,2026-01-29 10:00:00,Nordeste,1148.8,1200.0,4,482.5
683,2026-01-29 11:00:00,Norte,886.58,800.0,1,425.13
684,2026-01-29 12:00:00,Centro-Oeste,987.98,950.0,2,436.67
685,2026-01-29 13:00:00,Sudeste,1495.34,1450.0,5,653.76
686,2026-01-29 14:00:00,Sul,831.87,1050.0,1,349.39
687,2026-01-29 15:00:00,Nordeste,1016.28,1200.0,3,426.84
688,2026-01-29 16:00:00,Norte,685.62,800.0,2,287.96
689,2026-01-29 17:00:00,Centro-Oeste,778.73,950.0,2,327.07
690,2026-01-29 18:00:00,Sudeste,1313.27,1450.0,5,551.57
691,2026-01-29 19:00:00,Sul,982.74,1050.0,2,412.75
692,2026-01-29 20:00:00,Nordeste,1088.3,1200.0,1,457.09
693,2026-01-29 21:00:00,Norte,589.24,800.0,1,247.48
694,2026-01-29 22:00:00,Centro-Oeste,650.12,950.0,2,273.05
695,2026-01-29 23:00:00,Sudeste,799.83,1450.0,5,335.93
696,2026-01-30 00:00:00,Sul,569.95,1050.0,4,239.38
697,2026-01-30 01:00:00,Nordeste,628.21,1200.0,1,263.85
698,2026-01-30 02:00:00,Norte,334.91,800.0,2,140.66
699,2026-01-30 03:00:00,Centro-Oeste,418.55,950.0,4,175.79
700,2026-01-30 04:00:00,Sudeste,567.55,1450.0,5,238.37
701,2026-01-30 05:00:00,Sul,440.34,1050.0,3,184.94
702,2026-01-30 06:00:00,Nordeste,635.1,1200.0,1,266.74
703,2026-01-30 07:00:00,Norte,456.08,800.0,4,191.56
704,2026-01-30 08:00:00,Centro-Oeste,571.21,950.0,4,239.91
705,2026-01-30 09:00:00,Sudeste,944.17,1450.0,5,396.55
706,2026-01-30 10:00:00,Sul,706.26,1050.0,2,296.63
707,2026-01-30 11:00:00,Nordeste,1006.01,1200.0,3,422.52
708,2026-01-30 12:00:00,Norte,593.28,800.0,2,249.18
709,2026-01-30 13:00:00,Centro-Oeste,771.47,950.0,2,324.02
710,2026-01-30 14:00:00,Sudeste,1253.74,1450.0,5,526.57
711,2026-01-30 15:00:00,Sul,833.07,1050.0,1,349.89
712,2026-01-30 16:00:00,Nordeste,1084.44,1200.0,4,455.47
713,2026-01-30 17:00:00,Norte,719.79,800.0,1,302.31
714,2026-01-30 18:00:00,Centro-Oeste,804.98,950.0,4,338.09
715,2026-01-30 19:00:00,Sudeste,1319.1,1450.0,5,554.02
716,2026-01-30 20:00:00,Sul,879.51,1050.0,1,369.39
717,2026-01-30 21:00:00,Nordeste,894.78,1200.0,2,375.81
718,2026-01-30 22:00:00,Norte,529.44,800.0,2,222.37
719,2026-01-30 23:00:00,Centro-Oeste,602.95,950.0,2,253.24
720,2026-01-31 00:00:00,Sudeste,802.16,1450.0,5,336.91
721,2026-01-31 01:00:00,Sul,535.78,1050.0,4,225.03
722,2026-01-31 02:00:00,Nordeste,554.46,1200.0,2,232.87
723,2026-01-31 03:00:00,Norte,314.5,800.0,2,132.09
724,2026-01-31 04:00:00,Centro-Oeste,410.4,950.0,3,172.37
725,2026-01-31 05:00:00,Sudeste,615.12,1450.0,5,258.35
726,2026-01-31 06:00:00,Sul,548.54,1050.0,1,230.39
727,2026-01-31 07:00:00,Nordeste,742.74,1200.0,2,311.95
728,2026-01-31 08:00:00,Norte,480.26,800.0,1,201.71
729,2026-01-31 09:00:00,Centro-Oeste,669.05,950.0,4,281.0
730,2026-01-31 10:00:00,Sudeste,1082.9,1450.0,5,454.82
731,2026-01-31 11:00:00,Sul,735.8,1050.0,2,309.04
732,2026-01-31 12:00:00,Nordeste,920.44,1200.0,1,386.58
733,2026-01-31 13:00:00,Norte,660.2,800.0,4,277.29
734,2026-01-31 14:00:00,Centro-Oeste,812.72,950.0,3,341.34
735,2026-01-31 15:00:00,Sudeste,1205.22,1450.0,5,506.19
736,2026-01-31 16:00:00,Sul,815.23,1050.0,4,342.4
737,2026-01-31 17:00:00,Nordeste,1027.16,1200.0,1,431.41
738,2026-01-31 18:00:00,Norte,704.31,800.0,1,295.81
739,2026-01-31 19:00:00,Centro-Oeste,825.09,950.0,4,346.54
740,2026-01-31 20:00:00,Sudeste,1189.87,1450.0,5,499.75
741,2026-01-31 21:00:00,Sul,779.81,1050.0,1,327.52
742,2026-01-31 22:00:00,Nordeste,890.63,1200.0,2,374.07
743,2026-01-31 23:00:00,Norte,494.41,800.0,1,207.65
744,2026-02-01 00:00:00,Centro-Oeste,465.56,950.0,4,195.54
745,2026-02-01 01:00:00,Sudeste,666.15,1450.0,5,279.79
746,2026-02-01 02:00:00,Sul,472.91,1050.0,1,198.62
747,2026-02-01 03:00:00,Nordeste,547.02,1200.0,4,229.75
748,2026-02-01 04:00:00,Norte,321.02,800.0,3,134.83
749,2026-02-01 05:00:00,Centro-Oeste,407.0,950.0,3,170.94
750,2026-02-01 06:00:00,Sudeste,782.7,1450.0,5,328.73
751,2026-02-01 07:00:00,Sul,621.37,1050.0,4,260.97
752,2026-02-01 08:00:00,Nordeste,788.09,1200.0,4,331.0
753,2026-02-01 09:00:00,Norte,511.06,800.0,2,214.64
754,2026-02-01 10:00:00,Centro-Oeste,655.38,950.0,2,275.26
755,2026-02-01 11:00:00,Sudeste,1114.0,1450.0,5,467.88
756,2026-02-01 12:00:00,Sul,855.94,1050.0,1,359.49
757,2026-02-01 13:00:00,Nordeste,994.75,1200.0,3,417.8
758,2026-02-01 14:00:00,Norte,638.72,800.0,1,268.26
759,2026-02-01 15:00:00,Centro-Oeste,820.14,950.0,1,344.46
760,2026-02-01 16:00:00,Sudeste,1223.69,1450.0,5,513.95
761,2026-02-01 17:00:00,Sul,819.78,1050.0,1,344.31
762,2026-02-01 18:00:00,Nordeste,1166.32,1200.0,2,489.85
763,2026-02-01 19:00:00,Norte,675.02,800.0,2,283.51
764,2026-02-01 20:00:00,Centro-Oeste,833.96,950.0,2,350.26
765,2026-02-01 21:00:00,Sudeste,1164.4,1450.0,5,489.05
766,2026-02-01 22:00:00,Sul,676.28,1050.0,1,284.04
767,2026-02-01 23:00:00,Nordeste,761.0,1200.0,4,319.62
768,2026-02-02 00:00:00,Norte,395.81,800.0,3,166.24
769,2026-02-02 01:00:00,Centro-Oeste,427.19,950.0,3,179.42
770,2026-02-02 02:00:00,Sudeste,653.43,1450.0,5,274.44
771,2026-02-02 03:00:00,Sul,405.9,1050.0,2,170.48
772,2026-02-02 04:00:00,Nordeste,526.11,1200.0,2,220.97
773,2026-02-02 05:00:00,Norte,355.28,800.0,1,149.22
774,2026-02-02 06:00:00,Centro-Oeste,467.41,950.0,2,196.31
775,2026-02-02 07:00:00,Sudeste,820.88,1450.0,5,344.77
776,2026-02-02 08:00:00,Sul,653.67,1050.0,3,274.54
777,2026-02-02 09:00:00,Nordeste,788.25,1200.0,1,331.06
778,2026-02-02 10:00:00,Norte,587.3,800.0,4,246.67
779,2026-02-02 11:00:00,Centro-Oeste,770.7,950.0,1,323.7
780,2026-02-02 12:00:00,Sudeste,1060.14,1450.0,5,445.26
781,2026-02-02 13:00:00,Sul,888.23,1050.0,3,373.06
782,2026-02-02 14:00:00,Nordeste,925.86,1200.0,1,388.86
783,2026-02-02 15:00:00,Norte,628.06,800.0,3,263.79
784,2026-02-02 16:00:00,Centro-Oeste,768.61,950.0,3,322.82
785,2026-02-02 17:00:00,Sudeste,1141.39,1450.0,5,479.38
786,2026-02-02 18:00:00,Sul,871.22,1050.0,1,365.91
787,2026-02-02 19:00:00,Nordeste,1052.92,1200.0,2,442.22
788,2026-02-02 20:00:00,Norte,686.03,800.0,2,288.13
789,2026-02-02 21:00:00,Centro-Oeste,725.55,950.0,2,304.73
790,2026-02-02 22:00:00,Sudeste,917.82,1450.0,5,385.48
791,2026-02-02 23:00:00,Sul,651.65,1050.0,1,273.69
792,2026-02-03 00:00:00,Nordeste,588.44,1200.0,4,247.14
793,2026-02-03 01:00:00,Norte,369.67,800.0,4,155.26
794,2026-02-03 02:00:00,Centro-Oeste,396.88,950.0,1,166.69
795,2026-02-03 03:00:00,Sudeste,610.36,1450.0,5,256.35
796,2026-02-03 04:00:00,Sul,408.9,1050.0,1,171.74
797,2026-02-03 05:00:00,Nordeste,524.21,1200.0,4,220.17
798,2026-02-03 06:00:00,Norte,389.58,800.0,3,163.62
799,2026-02-03 07:00:00,Centro-Oeste,523.19,950.0,1,219.74
800,2026-02-03 08:00:00,Sudeste,927.14,1450.0,5,389.4
801,2026-02-03 09:00:00,Sul,676.62,1050.0,1,284.18
802,2026-02-03 10:00:00,Nordeste,868.84,1200.0,4,364.91
803,2026-02-03 11:00:00,Norte,600.05,800.0,4,252.02
804,2026-02-03 12:00:00,Centro-Oeste,785.01,950.0,2,329.7
805,2026-02-03 13:00:00,Sudeste,1175.45,1450.0,5,493.69
806,2026-02-03 14:00:00,Sul,912.08,1050.0,1,383.08
807,2026-02-03 15:00:00,Nordeste,954.5,1200.0,1,400.89
808,2026-02-03 16:00:00,Norte,655.46,800.0,2,275.29
809,2026-02-03 17:00:00,Centro-Oeste,768.99,950.0,1,322.97
810,2026-02-03 18:00:00,Sudeste,1222.73,1450.0,5,513.55
811,2026-02-03 19:00:00,Sul,972.87,1050.0,2,408.61
812,2026-02-03 20:00:00,Nordeste,984.55,1200.0,1,413.51
813,2026-02-03 21:00:00,Norte,618.97,800.0,2,259.97
814,2026-02-03 22:00:00,Centro-Oeste,629.84,950.0,4,264.53
815,2026-02-03 23:00:00,Sudeste,862.61,1450.0,5,362.3
816,2026-02-04 00:00:00,Sul,560.16,1050.0,1,235.27
817,2026-02-04 01:00:00,Nordeste,624.68,1200.0,4,262.37
818,2026-02-04 02:00:00,Norte,341.92,800.0,3,143.61
819,2026-02-04 03:00:00,Centro-Oeste,393.13,950.0,1,165.11
820,2026-02-04 04:00:00,Sudeste,594.72,1450.0,5,249.78
821,2026-02-04 05:00:00,Sul,495.9,1050.0,1,208.28
822,2026-02-04 06:00:00,Nordeste,630.96,1200.0,3,265.0
823,2026-02-04 07:00:00,Norte,431.77,800.0,2,181.34
824,2026-02-04 08:00:00,Centro-Oeste,606.58,950.0,1,254.76
825,2026-02-04 09:00:00,Sudeste,1045.04,1450.0,5,438.92
826,2026-02-04 10:00:00,Sul,727.89,1050.0,2,305.71
827,2026-02-04 11:00:00,Nordeste,984.84,1200.0,3,413.63
828,2026-02-04 12:00:00,Norte,641.45,800.0,4,269.41
829,2026-02-04 13:00:00,Centro-Oeste,785.45,950.0,3,329.89
830,2026-02-04 14:00:00,Sudeste,1210.15,1450.0,5,508.26
831,2026-02-04 15:00:00,Sul,921.58,1050.0,4,387.06
832,2026-02-04 16:00:00,Nordeste,974.14,1200.0,3,409.14
833,2026-02-04 17:00:00,Norte,713.55,800.0,1,299.69
834,2026-02-04 18:00:00,Centro-Oeste,799.68,950.0,3,335.87
835,2026-02-04 19:00:00,Sudeste,1291.19,1450.0,5,542.3
836,2026-02-04 20:00:00,Sul,945.43,1050.0,2,397.08
837,2026-02-04 21:00:00,Nordeste,925.37,1200.0,2,388.65
838,2026-02-04 22:00:00,Norte,532.74,800.0,2,223.75
839,2026-02-04 23:00:00,Centro-Oeste,601.46,950.0,3,252.61
840,2026-02-05 00:00:00,Sudeste,790.51,1450.0,5,332.01
841,2026-02-05 01:00:00,Sul,497.02,1050.0,4,208.75
842,2026-02-05 02:00:00,Nordeste,556.55,1200.0,1,233.75
843,2026-02-05 03:00:00,Norte,343.84,800.0,2,144.41
844,2026-02-05 04:00:00,Centro-Oeste,418.7,950.0,3,175.85
845,2026-02-05 05:00:00,Sudeste,695.68,1450.0,5,292.19
846,2026-02-05 06:00:00,Sul,500.66,1050.0,1,210.28
847,2026-02-05 07:00:00,Nordeste,694.28,1200.0,3,291.6
848,2026-02-05 08:00:00,Norte,489.97,800.0,3,205.79
849,2026-02-05 09:00:00,Centro-Oeste,667.62,950.0,4,280.4
850,2026-02-05 10:00:00,Sudeste,1001.84,1450.0,5,420.77
851,2026-02-05 11:00:00,Sul,822.34,1050.0,4,345.38
852,2026-02-05 12:00:00,Nordeste,953.91,1200.0,1,400.64
853,2026-02-05 13:00:00,Norte,638.15,800.0,4,268.02
854,2026-02-05 14:00:00,Centro-Oeste,745.26,950.0,4,313.01
855,2026-02-05 15:00:00,Sudeste,1119.56,1450.0,5,470.22
856,2026-02-05 16:00:00,Sul,857.93,1050.0,3,360.33
857,2026-02-05 17:00:00,Nordeste,1056.29,1200.0,2,443.64
858,2026-02-05 18:00:00,Norte,718.34,800.0,4,301.7
859,2026-02-05 19:00:00,Centro-Oeste,795.34,950.0,4,334.04
860,2026-02-05 20:00:00,Sudeste,1202.01,1450.0,5,504.84
861,2026-02-05 21:00:00,Sul,795.63,1050.0,4,334.17
862,2026-02-05 22:00:00,Nordeste,902.96,1200.0,1,379.24
863,2026-02-05 23:00:00,Norte,514.7,800.0,1,216.17
864,2026-02-06 00:00:00,Centro-Oeste,467.61,950.0,2,196.4
865,2026-02-06 01:00:00,Sudeste,677.3,1450.0,5,284.46
866,2026-02-06 02:00:00,Sul,448.91,1050.0,3,188.54
867,2026-02-06 03:00:00,Nordeste,480.62,1200.0,4,201.86
868,2026-02-06 04:00:00,Norte,324.46,800.0,1,136.27
869,2026-02-06 05:00:00,Centro-Oeste,431.08,950.0,4,181.05
870,2026-02-06 06:00:00,Sudeste,807.62,1450.0,5,339.2
871,2026-02-06 07:00:00,Sul,648.44,1050.0,4,272.35
872,2026-02-06 08:00:00,Nordeste,781.31,1200.0,4,328.15
873,2026-02-06 09:00:00,Norte,597.09,800.0,1,250.78
874,2026-02-06 10:00:00,Centro-Oeste,662.89,950.0,1,278.41
875,2026-02-06 11:00:00,Sudeste,1125.32,1450.0,5,472.63
876,2026-02-06 12:00:00,Sul,821.39,1050.0,2,344.98
877,2026-02-06 13:00:00,Nordeste,1011.03,1200.0,4,424.63
878,2026-02-06 14:00:00,Norte,619.14,800.0,4,260.04
879,2026-02-06 15:00:00,Centro-Oeste,809.23,950.0,4,339.88
880,2026-02-06 16:00:00,Sudeste,1146.05,1450.0,5,481.34
881,2026-02-06 17:00:00,Sul,860.98,1050.0,2,361.61
882,2026-02-06 18:00:00,Nordeste,1018.86,1200.0,4,427.92
883,2026-02-06 19:00:00,Norte,726.76,800.0,1,305.24
884,2026-02-06 20:00:00,Centro-Oeste,784.76,950.0,2,329.6
885,2026-02-06 21:00:00,Sudeste,1138.19,1450.0,5,478.04
886,2026-02-06 22:00:00,Sul,685.56,1050.0,3,287.93
887,2026-02-06 23:00:00,Nordeste,703.65,1200.0,4,295.53
888,2026-02-07 00:00:00,Norte,435.49,800.0,3,182.9
889,2026-02-07 01:00:00,Centro-Oeste,490.26,950.0,1,205.91
890,2026-02-07 02:00:00,Sudeste,603.48,1450.0,5,253.46
891,2026-02-07 03:00:00,Sul,448.1,1050.0,2,188.2
892,2026-02-07 04:00:00,Nordeste,521.64,1200.0,4,219.09
893,2026-02-07 05:00:00,Norte,370.1,800.0,3,155.44
894,2026-02-07 06:00:00,Centro-Oeste,508.44,950.0,4,213.55
895,2026-02-07 07:00:00,Sudeste,857.15,1450.0,5,360.0
896,2026-02-07 08:00:00,Sul,647.72,1050.0,2,272.04
897,2026-02-07 09:00:00,Nordeste,832.05,1200.0,4,349.46
898,2026-02-07 10:00:00,Norte,544.81,800.0,2,228.82
899,2026-02-07 11:00:00,Centro-Oeste,750.75,950.0,2,315.31
900,2026-02-07 12:00:00,Sudeste,1155.69,1450.0,5,485.39
901,2026-02-07 13:00:00,Sul,797.5,1050.0,2,334.95
902,2026-02-07 14:00:00,Nordeste,944.41,1200.0,4,396.65
903,2026-02-07 15:00:00,Norte,682.84,800.0,2,286.79
904,2026-02-07 16:00:00,Centro-Oeste,809.76,950.0,4,340.1
905,2026-02-07 17:00:00,Sudeste,1271.13,1450.0,5,533.87
906,2026-02-07 18:00:00,Sul,946.4,1050.0,2,397.49
907,2026-02-07 19:00:00,Nordeste,1106.15,1200.0,4,464.58
908,2026-02-07 20:00:00,Norte,687.3,800.0,3,288.66
909,2026-02-07 21:00:00,Centro-Oeste,675.35,950.0,1,283.65
910,2026-02-07 22:00:00,Sudeste,1029.02,1450.0,5,432.19
911,2026-02-07 23:00:00,Sul,644.64,1050.0,1,270.75
912,2026-02-08 00:00:00,Nordeste,609.67,1200.0,2,256.06
913,2026-02-08 01:00:00,Norte,384.72,800.0,1,161.58
914,2026-02-08 02:00:00,Centro-Oeste,424.78,950.0,1,178.41
915,2026-02-08 03:00:00,Sudeste,649.74,1450.0,5,272.89
916,2026-02-08 04:00:00,Sul,449.69,1050.0,4,188.87
917,2026-02-08 05:00:00,Nordeste,590.87,1200.0,2,248.17
918,2026-02-08 06:00:00,Norte,382.04,800.0,4,160.46
919,2026-02-08 07:00:00,Centro-Oeste,575.67,950.0,1,241.78
920,2026-02-08 08:00:00,Sudeste,1005.84,1450.0,5,422.45
921,2026-02-08 09:00:00,Sul,681.96,1050.0,4,286.42
922,2026-02-08 10:00:00,Nordeste,892.68,1200.0,1,374.93
923,2026-02-08 11:00:00,Norte,589.48,800.0,2,247.58
924,2026-02-08 12:00:00,Centro-Oeste,789.89,950.0,4,331.75
925,2026-02-08 13:00:00,Sudeste,1206.45,1450.0,5,506.71
926,2026-02-08 14:00:00,Sul,866.65,1050.0,1,363.99
927,2026-02-08 15:00:00,Nordeste,1007.36,1200.0,2,423.09
928,2026-02-08 16:00:00,Norte,712.42,800.0,1,299.22
929,2026-02-08 17:00:00,Centro-Oeste,854.59,950.0,4,358.93
930,2026-02-08 18:00:00,Sudeste,1215.17,1450.0,5,510.37
931,2026-02-08 19:00:00,Sul,891.82,1050.0,2,374.56
932,2026-02-08 20:00:00,Nordeste,1131.89,1200.0,3,475.39
933,2026-02-08 21:00:00,Norte,661.85,800.0,1,277.98
934,2026-02-08 22:00:00,Centro-Oeste,617.7,950.0,1,259.43
935,2026-02-08 23:00:00,Sudeste,888.14,1450.0,5,373.02
936,2026-02-09 00:00:00,Sul,579.01,1050.0,4,243.18
937,2026-02-09 01:00:00,Nordeste,647.08,1200.0,2,271.77
938,2026-02-09 02:00:00,Norte,377.36,800.0,2,158.49
939,2026-02-09 03:00:00,Centro-Oeste,403.9,950.0,4,169.64
940,2026-02-09 04:00:00,Sudeste,614.13,1450.0,5,257.93
941,2026-02-09 05:00:00,Sul,469.02,1050.0,1,196.99
942,2026-02-09 06:00:00,Nordeste,591.14,1200.0,3,248.28
943,2026-02-09 07:00:00,Norte,453.47,800.0,3,190.46
944,2026-02-09 08:00:00,Centro-Oeste,593.0,950.0,4,249.06
945,2026-02-09 09:00:00,Sudeste,1033.75,1450.0,5,434.18
946,2026-02-09 10:00:00,Sul,788.61,1050.0,2,331.22
947,2026-02-09 11:00:00,Nordeste,985.49,1200.0,1,413.91
948,2026-02-09 12:00:00,Norte,657.06,800.0,3,275.96
949,2026-02-09 13:00:00,Centro-Oeste,756.88,950.0,4,317.89
950,2026-02-09 14:00:00,Sudeste,1117.89,1450.0,5,469.51
951,2026-02-09 15:00:00,Sul,819.64,1050.0,4,344.25
952,2026-02-09 16:00:00,Nordeste,1020.29,1200.0,1,428.52
953,2026-02-09 17:00:00,Norte,740.03,800.0,2,310.81
954,2026-02-09 18:00:00,Centro-Oeste,792.31,950.0,3,332.77
955,2026-02-09 19:00:00,Sudeste,1395.52,1450.0,5,586.12
956,2026-02-09 20:00:00,Sul,859.94,1050.0,2,361.17
957,2026-02-09 21:00:00,Nordeste,965.8,1200.0,1,405.63
958,2026-02-09 22:00:00,Norte,565.4,800.0,2,237.47
959,2026-02-09 23:00:00,Centro-Oeste,607.74,950.0,2,255.25
960,2026-02-10 00:00:00,Sudeste,766.37,1450.0,5,321.88
961,2026-02-10 01:00:00,Sul,483.6,1050.0,3,203.11
962,2026-02-10 02:00:00,Nordeste,587.86,1200.0,3,246.9
963,2026-02-10 03:00:00,Norte,342.46,800.0,3,143.83
964,2026-02-10 04:00:00,Centro-Oeste,375.91,950.0,2,157.88
965,2026-02-10 05:00:00,Sudeste,664.16,1450.0,5,278.95
966,2026-02-10 06:00:00,Sul,545.1,1050.0,4,228.94
967,2026-02-10 07:00:00,Nordeste,784.28,1200.0,3,329.4
968,2026-02-10 08:00:00,Norte,531.55,800.0,4,223.25
969,2026-02-10 09:00:00,Centro-Oeste,665.56,950.0,3,279.53
970,2026-02-10 10:00:00,Sudeste,1074.72,1450.0,5,451.38
971,2026-02-10 11:00:00,Sul,809.31,1050.0,1,339.91
972,2026-02-10 12:00:00,Nordeste,1033.24,1200.0,4,433.96
973,2026-02-10 13:00:00,Norte,659.71,800.0,2,277.08
974,2026-02-10 14:00:00,Centro-Oeste,757.76,950.0,2,318.26
975,2026-02-10 15:00:00,Sudeste,1124.08,1450.0,5,472.12
976,2026-02-10 16:00:00,Sul,850.43,1050.0,2,357.18
977,2026-02-10 17:00:00,Nordeste,1012.1,1200.0,2,425.08
978,2026-02-10 18:00:00,Norte,685.91,800.0,4,288.08
979,2026-02-10 19:00:00,Centro-Oeste,791.58,950.0,4,332.46
980,2026-02-10 20:00:00,Sudeste,1328.19,1450.0,5,557.84
981,2026-02-10 21:00:00,Sul,783.24,1050.0,1,328.96
982,2026-02-10 22:00:00,Nordeste,875.53,1200.0,4,367.72
983,2026-02-10 23:00:00,Norte,482.7,800.0,3,202.73
984,2026-02-11 00:00:00,Centro-Oeste,459.44,950.0,4,192.96
985,2026-02-11 01:00:00,Sudeste,661.68,1450.0,5,277.9
986,2026-02-11 02:00:00,Sul,433.01,1050.0,1,181.87
987,2026-02-11 03:00:00,Nordeste,530.99,1200.0,4,223.01
988,2026-02-11 04:00:00,Norte,336.95,800.0,4,141.52
989,2026-02-11 05:00:00,Centro-Oeste,430.29,950.0,4,180.72
990,2026-02-11 06:00:00,Sudeste,752.31,1450.0,5,315.97
991,2026-02-11 07:00:00,Sul,602.25,1050.0,4,252.95
992,2026-02-11 08:00:00,Nordeste,841.55,1200.0,4,353.45
993,2026-02-11 09:00:00,Norte,571.25,800.0,3,239.93
994,2026-02-11 10:00:00,Centro-Oeste,655.09,950.0,1,275.14
995,2026-02-11 11:00:00,Sudeste,1080.97,1450.0,5,454.01
996,2026-02-11 12:00:00,Sul,883.85,1050.0,1,371.22
997,2026-02-11 13:00:00,Nordeste,979.47,1200.0,4,411.38
998,2026-02-11 14:00:00,Norte,680.01,800.0,2,285.6
999,2026-02-11 15:00:00,Centro-Oeste,751.98,950.0,2,315.83
1000,2026-02-11 16:00:00,Sudeste,1127.57,1450.0,5,473.58
1001,2026-02-11 17:00:00,Sul,912.41,1050.0,3,383.21
1002,2026-02-11 18:00:00,Nordeste,1166.78,1200.0,4,490.05
1003,2026-02-11 19:00:00,Norte,690.39,800.0,2,289.96
1004,2026-02-11 20:00:00,Centro-Oeste,779.5,950.0,3,327.39
1005,2026-02-11 21:00:00,Sudeste,1121.17,1450.0,5,470.89
1006,2026-02-11 22:00:00,Sul,685.26,1050.0,3,287.81
1007,2026-02-11 23:00:00,Nordeste,734.84,1200.0,3,308.63
1008,2026-02-12 00:00:00,Norte,436.42,800.0,2,183.3
1009,2026-02-12 01:00:00,Centro-Oeste,487.75,950.0,1,204.85
1010,2026-02-12 02:00:00,Sudeste,699.16,1450.0,5,293.65
1011,2026-02-12 03:00:00,Sul,448.26,1050.0,3,188.27
1012,2026-02-12 04:00:00,Nordeste,552.65,1200.0,3,232.11
1013,2026-02-12 05:00:00,Norte,343.36,800.0,2,144.21
1014,2026-02-12 06:00:00,Centro-Oeste,496.67,950.0,2,208.6
1015,2026-02-12 07:00:00,Sudeste,925.18,1450.0,5,388.58
1016,2026-02-12 08:00:00,Sul,720.12,1050.0,2,302.45
1017,2026-02-12 09:00:00,Nordeste,878.88,1200.0,2,369.13
1018,2026-02-12 10:00:00,Norte,629.35,800.0,3,264.33
1019,2026-02-12 11:00:00,Centro-Oeste,782.05,950.0,3,328.46
1020,2026-02-12 12:00:00,Sudeste,1117.69,1450.0,5,469.43
1021,2026-02-12 13:00:00,Sul,878.6,1050.0,4,369.01
1022,2026-02-12 14:00:00,Nordeste,1012.52,1200.0,2,425.26
1023,2026-02-12 15:00:00,Norte,711.87,800.0,1,298.99
1024,2026-02-12 16:00:00,Centro-Oeste,812.84,950.0,1,341.39
1025,2026-02-12 17:00:00,Sudeste,1336.98,1450.0,5,561.53
1026,2026-02-12 18:00:00,Sul,938.06,1050.0,2,393.99
1027,2026-02-12 19:00:00,Nordeste,1191.8,1200.0,4,500.55
1028,2026-02-12 20:00:00,Norte,690.23,800.0,3,289.9
1029,2026-02-12 21:00:00,Centro-Oeste,779.66,950.0,4,327.46
1030,2026-02-12 22:00:00,Sudeste,1076.52,1450.0,5,452.14
1031,2026-02-12 23:00:00,Sul,676.16,1050.0,2,283.99
1032,2026-02-13 00:00:00,Nordeste,642.59,1200.0,3,269.89
1033,2026-02-13 01:00:00,Norte,401.34,800.0,3,168.56
1034,2026-02-13 02:00:00,Centro-Oeste,409.66,950.0,3,172.06
1035,2026-02-13 03:00:00,Sudeste,653.87,1450.0,5,274.62
1036,2026-02-13 04:00:00,Sul,436.84,1050.0,1,183.47
1037,2026-02-13 05:00:00,Nordeste,545.67,1200.0,2,229.18
1038,2026-02-13 06:00:00,Norte,444.88,800.0,1,186.85
1039,2026-02-13 07:00:00,Centro-Oeste,565.42,950.0,4,237.48
1040,2026-02-13 08:00:00,Sudeste,885.21,1450.0,5,371.79
1041,2026-02-13 09:00:00,Sul,739.13,1050.0,2,310.44
1042,2026-02-13 10:00:00,Nordeste,874.19,1200.0,3,367.16
1043,2026-02-13 11:00:00,Norte,634.76,800.0,4,266.6
1044,2026-02-13 12:00:00,Centro-Oeste,731.5,950.0,4,307.23
1045,2026-02-13 13:00:00,Sudeste,1243.92,1450.0,5,522.44
1046,2026-02-13 14:00:00,Sul,924.09,1050.0,3,388.12
1047,2026-02-13 15:00:00,Nordeste,945.9,1200.0,4,397.28
1048,2026-02-13 16:00:00,Norte,674.17,800.0,2,283.15
1049,2026-02-13 17:00:00,Centro-Oeste,788.26,950.0,2,331.07
1050,2026-02-13 18:00:00,Sudeste,1299.57,1450.0,5,545.82
1051,2026-02-13 19:00:00,Sul,1022.22,1050.0,4,429.33
1052,2026-02-13 20:00:00,Nordeste,1056.62,1200.0,3,443.78
1053,2026-02-13 21:00:00,Norte,656.13,800.0,3,275.57
1054,2026-02-13 22:00:00,Centro-Oeste,606.33,950.0,2,254.66
1055,2026-02-13 23:00:00,Sudeste,821.34,1450.0,5,344.96
1056,2026-02-14 00:00:00,Sul,541.1,1050.0,4,227.26
1057,2026-02-14 01:00:00,Nordeste,590.37,1200.0,2,247.95
1058,2026-02-14 02:00:00,Norte,373.93,800.0,4,157.05
1059,2026-02-14 03:00:00,Centro-Oeste,408.62,950.0,4,171.62
1060,2026-02-14 04:00:00,Sudeste,651.39,1450.0,5,273.58
1061,2026-02-14 05:00:00,Sul,478.79,1050.0,1,201.09
1062,2026-02-14 06:00:00,Nordeste,666.36,1200.0,1,279.87
1063,2026-02-14 07:00:00,Norte,442.47,800.0,1,185.84
1064,2026-02-14 08:00:00,Centro-Oeste,634.92,950.0,4,266.67
1065,2026-02-14 09:00:00,Sudeste,1025.35,1450.0,5,430.65
1066,2026-02-14 10:00:00,Sul,722.47,1050.0,1,303.44
1067,2026-02-14 11:00:00,Nordeste,894.89,1200.0,4,375.85
1068,2026-02-14 12:00:00,Norte,610.57,800.0,2,256.44
1069,2026-02-14 13:00:00,Centro-Oeste,731.81,950.0,2,307.36
1070,2026-02-14 14:00:00,Sudeste,1206.82,1450.0,5,506.87
1071,2026-02-14 15:00:00,Sul,1101.25,1050.0,3,492.09
1072,2026-02-14 16:00:00,Nordeste,1305.23,1200.0,4,611.15
1073,2026-02-14 17:00:00,Norte,832.96,800.0,3,368.72
1074,2026-02-14 18:00:00,Centro-Oeste,993.52,950.0,3,442.31
1075,2026-02-14 19:00:00,Sudeste,1671.58,1450.0,5,842.56
1076,2026-02-14 20:00:00,Sul,1141.22,1050.0,1,533.84
1077,2026-02-14 21:00:00,Nordeste,1141.57,1200.0,3,479.46
1078,2026-02-14 22:00:00,Norte,658.26,800.0,2,276.47
1079,2026-02-14 23:00:00,Centro-Oeste,673.19,950.0,1,282.74
1080,2026-02-15 00:00:00,Sudeste,912.17,1450.0,5,383.11
1081,2026-02-15 01:00:00,Sul,600.2,1050.0,2,252.08
1082,2026-02-15 02:00:00,Nordeste,742.09,1200.0,3,311.68
1083,2026-02-15 03:00:00,Norte,410.75,800.0,1,172.51
1084,2026-02-15 04:00:00,Centro-Oeste,515.93,950.0,1,216.69
1085,2026-02-15 05:00:00,Sudeste,901.88,1450.0,5,378.79
1086,2026-02-15 06:00:00,Sul,655.21,1050.0,2,275.19
1087,2026-02-15 07:00:00,Nordeste,922.54,1200.0,1,387.47
1088,2026-02-15 08:00:00,Norte,648.69,800.0,1,272.45
1089,2026-02-15 09:00:00,Centro-Oeste,807.79,950.0,3,339.27
1090,2026-02-15 10:00:00,Sudeste,1079.49,1450.0,5,453.39
1091,2026-02-15 11:00:00,Sul,825.66,1050.0,2,346.78
1092,2026-02-15 12:00:00,Nordeste,974.83,1200.0,1,409.43
1093,2026-02-15 13:00:00,Norte,642.76,800.0,3,269.96
1094,2026-02-15 14:00:00,Centro-Oeste,723.32,950.0,3,303.79
1095,2026-02-15 15:00:00,Sudeste,1113.88,1450.0,5,467.83
1096,2026-02-15 16:00:00,Sul,877.01,1050.0,1,368.34
1097,2026-02-15 17:00:00,Nordeste,1108.34,1200.0,2,465.5
1098,2026-02-15 18:00:00,Norte,716.39,800.0,4,300.88
1099,2026-02-15 19:00:00,Centro-Oeste,822.63,950.0,2,345.5
1100,2026-02-15 20:00:00,Sudeste,1263.59,1450.0,5,530.71
1101,2026-02-15 21:00:00,Sul,839.5,1050.0,3,352.59
1102,2026-02-15 22:00:00,Nordeste,807.37,1200.0,1,339.09
1103,2026-02-15 23:00:00,Norte,453.05,800.0,3,190.28
1104,2026-02-16 00:00:00,Centro-Oeste,504.06,950.0,1,211.7
1105,2026-02-16 01:00:00,Sudeste,743.65,1450.0,5,312.33
1106,2026-02-16 02:00:00,Sul,486.96,1050.0,3,204.52
1107,2026-02-16 03:00:00,Nordeste,557.37,1200.0,1,234.09
1108,2026-02-16 04:00:00,Norte,328.21,800.0,3,137.85
1109,2026-02-16 05:00:00,Centro-Oeste,402.31,950.0,4,168.97
1110,2026-02-16 06:00:00,Sudeste,737.44,1450.0,5,309.72
1111,2026-02-16 07:00:00,Sul,631.91,1050.0,4,265.4
1112,2026-02-16 08:00:00,Nordeste,761.5,1200.0,1,319.83
1113,2026-02-16 09:00:00,Norte,566.47,800.0,4,237.92
1114,2026-02-16 10:00:00,Centro-Oeste,679.48,950.0,1,285.38
1115,2026-02-16 11:00:00,Sudeste,1167.97,1450.0,5,490.55
1116,2026-02-16 12:00:00,Sul,849.16,1050.0,3,356.65
1117,2026-02-16 13:00:00,Nordeste,986.45,1200.0,2,414.31
1118,2026-02-16 14:00:00,Norte,624.46,800.0,1,262.27
1119,2026-02-16 15:00:00,Centro-Oeste,730.7,950.0,2,306.9
1120,2026-02-16 16:00:00,Sudeste,1149.7,1450.0,5,482.87
1121,2026-02-16 17:00:00,Sul,913.58,1050.0,3,383.7
1122,2026-02-16 18:00:00,Nordeste,1138.22,1200.0,1,478.05
1123,2026-02-16 19:00:00,Norte,711.67,800.0,3,298.9
1124,2026-02-16 20:00:00,Centro-Oeste,788.92,950.0,3,331.35
1125,2026-02-16 21:00:00,Sudeste,1165.91,1450.0,5,489.68
1126,2026-02-16 22:00:00,Sul,720.91,1050.0,2,302.78
1127,2026-02-16 23:00:00,Nordeste,738.21,1200.0,3,310.05
1128,2026-02-17 00:00:00,Norte,453.58,800.0,4,190.5
1129,2026-02-17 01:00:00,Centro-Oeste,429.28,950.0,1,180.3
1130,2026-02-17 02:00:00,Sudeste,684.96,1450.0,5,287.68
1131,2026-02-17 03:00:00,Sul,425.12,1050.0,2,178.55
1132,2026-02-17 04:00:00,Nordeste,509.71,1200.0,1,214.08
1133,2026-02-17 05:00:00,Norte,362.45,800.0,3,152.23
1134,2026-02-17 06:00:00,Centro-Oeste,466.49,950.0,1,195.92
1135,2026-02-17 07:00:00,Sudeste,880.53,1450.0,5,369.82
1136,2026-02-17 08:00:00,Sul,679.4,1050.0,2,285.35
1137,2026-02-17 09:00:00,Nordeste,868.18,1200.0,3,364.63
1138,2026-02-17 10:00:00,Norte,559.35,800.0,1,234.93
1139,2026-02-17 11:00:00,Centro-Oeste,787.21,950.0,3,330.63
1140,2026-02-17 12:00:00,Sudeste,1197.63,1450.0,5,503.01
1141,2026-02-17 13:00:00,Sul,810.8,1050.0,4,340.54
1142,2026-02-17 14:00:00,Nordeste,972.01,1200.0,4,408.24
1143,2026-02-17 15:00:00,Norte,684.69,800.0,2,287.57
1144,2026-02-17 16:00:00,Centro-Oeste,738.49,950.0,4,310.16
1145,2026-02-17 17:00:00,Sudeste,1176.95,1450.0,5,494.32
1146,2026-02-17 18:00:00,Sul,1014.51,1050.0,4,426.09
1147,2026-02-17 19:00:00,Nordeste,1131.74,1200.0,4,475.33
1148,2026-02-17 20:00:00,Norte,692.6,800.0,1,290.89
1149,2026-02-17 21:00:00,Centro-Oeste,704.52,950.0,3,295.9
1150,2026-02-17 22:00:00,Sudeste,945.86,1450.0,5,397.26
1151,2026-02-17 23:00:00,Sul,683.36,1050.0,3,287.01
1152,2026-02-18 00:00:00,Nordeste,666.08,1200.0,4,279.75
1153,2026-02-18 01:00:00,Norte,366.8,800.0,1,154.06
1154,2026-02-18 02:00:00,Centro-Oeste,410.86,950.0,2,172.56
1155,2026-02-18 03:00:00,Sudeste,605.23,1450.0,5,254.2
1156,2026-02-18 04:00:00,Sul,413.48,1050.0,4,173.66
1157,2026-02-18 05:00:00,Nordeste,561.56,1200.0,3,235.86
1158,2026-02-18 06:00:00,Norte,439.24,800.0,4,184.48
1159,2026-02-18 07:00:00,Centro-Oeste,548.99,950.0,3,230.58
1160,2026-02-18 08:00:00,Sudeste,935.8,1450.0,5,393.04
1161,2026-02-18 09:00:00,Sul,706.37,1050.0,2,296.67
1162,2026-02-18 10:00:00,Nordeste,952.04,1200.0,1,399.86
1163,2026-02-18 11:00:00,Norte,646.01,800.0,4,271.32
1164,2026-02-18 12:00:00,Centro-Oeste,730.31,950.0,3,306.73
1165,2026-02-18 13:00:00,Sudeste,1154.7,1450.0,5,484.97
1166,2026-02-18 14:00:00,Sul,852.61,1050.0,3,358.1
1167,2026-02-18 15:00:00,Nordeste,1053.58,1200.0,1,442.5
1168,2026-02-18 16:00:00,Norte,663.5,800.0,1,278.67
1169,2026-02-18 17:00:00,Centro-Oeste,856.92,950.0,1,359.91
1170,2026-02-18 18:00:00,Sudeste,1242.18,1450.0,5,521.72
1171,2026-02-18 19:00:00,Sul,926.78,1050.0,4,389.25
1172,2026-02-18 20:00:00,Nordeste,1165.77,1200.0,1,489.62
1173,2026-02-18 21:00:00,Norte,635.18,800.0,4,266.78
1174,2026-02-18 22:00:00,Centro-Oeste,629.84,950.0,2,264.53
1175,2026-02-18 23:00:00,Sudeste,896.06,1450.0,5,376.35
1176,2026-02-19 00:00:00,Sul,567.81,1050.0,2,238.48
1177,2026-02-19 01:00:00,Nordeste,657.14,1200.0,4,276.0
1178,2026-02-19 02:00:00,Norte,386.6,800.0,4,162.37
1179,2026-02-19 03:00:00,Centro-Oeste,418.17,950.0,1,175.63
1180,2026-02-19 04:00:00,Sudeste,608.44,1450.0,5,255.54
1181,2026-02-19 05:00:00,Sul,493.18,1050.0,3,207.14
1182,2026-02-19 06:00:00,Nordeste,699.89,1200.0,1,293.95
1183,2026-02-19 07:00:00,Norte,473.27,800.0,1,198.77
1184,2026-02-19 08:00:00,Centro-Oeste,602.13,950.0,2,252.9
1185,2026-02-19 09:00:00,Sudeste,1004.47,1450.0,5,421.88
1186,2026-02-19 10:00:00,Sul,759.83,1050.0,2,319.13
1187,2026-02-19 11:00:00,Nordeste,1039.88,1200.0,4,436.75
1188,2026-02-19 12:00:00,Norte,650.67,800.0,1,273.28
1189,2026-02-19 13:00:00,Centro-Oeste,808.87,950.0,1,339.72
1190,2026-02-19 14:00:00,Sudeste,1241.24,1450.0,5,521.32
1191,2026-02-19 15:00:00,Sul,945.99,1050.0,2,397.31
1192,2026-02-19 16:00:00,Nordeste,1029.69,1200.0,2,432.47
1193,2026-02-19 17:00:00,Norte,666.87,800.0,1,280.08
1194,2026-02-19 18:00:00,Centro-Oeste,910.43,950.0,3,382.38
1195,2026-02-19 19:00:00,Sudeste,1363.22,1450.0,5,572.55
1196,2026-02-19 20:00:00,Sul,843.58,1050.0,1,354.31
1197,2026-02-19 21:00:00,Nordeste,973.68,1200.0,4,408.95
1198,2026-02-19 22:00:00,Norte,554.39,800.0,1,232.84
1199,2026-02-19 23:00:00,Centro-Oeste,619.1,950.0,2,260.02
